Workbook

Sheet _Shipments_BKP
A1: Data | B1: Shipment | C1: Delivery | D1: Item | E1: Material | F1: Qtd. | G1: Descr. Cliente | H1: Cidade | I1: Estado | J1: Qtde. Sel. | K1: Lote | L1: CLN | M1: Peneira | N1: Sacos total (Jumbo Convertidos) | O1: Qtde. sacos/palete | P1: Embalagem | Q1: Peso | R1: Qtde. Total de Paletes | S1: Motorista | T1: Telefone | U1: Placa Cavalo | V1: Placa Carreta | W1: Transportadora | Y1: Parâmetros
A2: =_xlfn.XLOOKUP(_Shipments[[#This Row],[Shipment]],[1]Report!$G:$G,[1]Report!$B:$B,"-") -> 46260.333 | B2: 7240103 | C2: 5541981925 | D2: 1 | E2: P3845VYHR-B822 | F2: 987 | G2: CORTEVA AGRISCIENCE DO BRASIL LTDA. | H2: APARECIDA DE GOIÂNIA | I2: GO | J2: 987 | K2: 7520918 | L2: 03P7520918 | M2: C3 | N2: =IF(_Shipments[[#This Row],[Embalagem]]="Big Bag",_Shipments[[#This Row],[Qtd.]]*_Shipments[[#This Row],[Qtde. sacos/palete]],_Shipments[[#This Row],[Qtd.]]) -> 987 | O2: =_xlfn.XLOOKUP(_Shipments[[#This Row],[CLN]],[2]Dados!$D:$D,[2]Dados!$R:$R,"-") -> 75 | P2: {=_xlfn.LET(_xlpm.t,_xlfn.XLOOKUP(_Shipments[[#This Row],[CLN]],[2]Dados!$D:$D,[2]Dados!$Q:$Q,"-"),_xlfn.IFS(LEFT(_xlpm.t,3)="PAS","Saco",LEFT(_xlpm.t,3)="PBT","Big Bag",TRUE,"-"))} -> Saco | Q2: =_xlfn.LET(_xlpm.p,_xlfn.XLOOKUP(_Shipments[[#This Row],[CLN]],[2]Dados!$D:$D,[2]Dados!$K:$K,"-"),_xlpm.n,_Shipments[[#This Row],[Qtde. sacos/palete]],IF(ISNUMBER(_xlpm.p),IF(_Shipments[[#This Row],[Embalagem]]="Big Bag",IF(ISNUMBER(_xlpm.n),_xlpm.p*_xlpm.n,"-"),_xlpm.p),"-")) -> 12.16 | R2: =IF(_Shipments[[#This Row],[Embalagem]]="Big Bag",_Shipments[[#This Row],[Qtd.]],ROUNDUP(_Shipments[[#This Row],[Qtd.]]/_Shipments[[#This Row],[Qtde. sacos/palete]],0)) -> 14 | S2: ECIO CRISTINO FERREIRA | T2: 34992119997 | U2: QDC-5910 | V2: HJC-1938 | W2: G10 TRANSPORTES S.A | Y2: 7240103
A3: =_xlfn.XLOOKUP(_Shipments[[#This Row],[Shipment]],[1]Report!$G:$G,[1]Report!$B:$B,"-") -> 46260.333 | B3: 7240103 | C3: 5541981925 | D3: 2 | E3: P3845VYHR-B825 | F3: 36 | G3: CORTEVA AGRISCIENCE DO BRASIL LTDA. | H3: APARECIDA DE GOIÂNIA | I3: GO | J3: 36 | K3: 7520947 | L3: 03P7520947 | M3: R3 | N3: =IF(_Shipments[[#This Row],[Embalagem]]="Big Bag",_Shipments[[#This Row],[Qtd.]]*_Shipments[[#This Row],[Qtde. sacos/palete]],_Shipments[[#This Row],[Qtd.]]) -> 36 | O3: =_xlfn.XLOOKUP(_Shipments[[#This Row],[CLN]],[2]Dados!$D:$D,[2]Dados!$R:$R,"-") -> 70 | P3: {=_xlfn.LET(_xlpm.t,_xlfn.XLOOKUP(_Shipments[[#This Row],[CLN]],[2]Dados!$D:$D,[2]Dados!$Q:$Q,"-"),_xlfn.IFS(LEFT(_xlpm.t,3)="PAS","Saco",LEFT(_xlpm.t,3)="PBT","Big Bag",TRUE,"-"))} -> Saco | Q3: =_xlfn.LET(_xlpm.p,_xlfn.XLOOKUP(_Shipments[[#This Row],[CLN]],[2]Dados!$D:$D,[2]Dados!$K:$K,"-"),_xlpm.n,_Shipments[[#This Row],[Qtde. sacos/palete]],IF(ISNUMBER(_xlpm.p),IF(_Shipments[[#This Row],[Embalagem]]="Big Bag",IF(ISNUMBER(_xlpm.n),_xlpm.p*_xlpm.n,"-"),_xlpm.p),"-")) -> 13.77 | R3: =IF(_Shipments[[#This Row],[Embalagem]]="Big Bag",_Shipments[[#This Row],[Qtd.]],ROUNDUP(_Shipments[[#This Row],[Qtd.]]/_Shipments[[#This Row],[Qtde. sacos/palete]],0)) -> 1 | S3: ECIO CRISTINO FERREIRA | T3: 34992119997 | U3: QDC-5910 | V3: HJC-1938 | W3: G10 TRANSPORTES S.A | Y3: 7240104
A4: =_xlfn.XLOOKUP(_Shipments[[#This Row],[Shipment]],[1]Report!$G:$G,[1]Report!$B:$B,"-") -> 46260.333 | B4: 7240103 | C4: 5541981925 | D4: 3 | E4: P3845VYHR-B824 | F4: 16 | G4: CORTEVA AGRISCIENCE DO BRASIL LTDA. | H4: APARECIDA DE GOIÂNIA | I4: GO | J4: 16 | K4: 7520951 | L4: 03P7520951 | M4: R2 | N4: =IF(_Shipments[[#This Row],[Embalagem]]="Big Bag",_Shipments[[#This Row],[Qtd.]]*_Shipments[[#This Row],[Qtde. sacos/palete]],_Shipments[[#This Row],[Qtd.]]) -> 16 | O4: =_xlfn.XLOOKUP(_Shipments[[#This Row],[CLN]],[2]Dados!$D:$D,[2]Dados!$R:$R,"-") -> 60 | P4: {=_xlfn.LET(_xlpm.t,_xlfn.XLOOKUP(_Shipments[[#This Row],[CLN]],[2]Dados!$D:$D,[2]Dados!$Q:$Q,"-"),_xlfn.IFS(LEFT(_xlpm.t,3)="PAS","Saco",LEFT(_xlpm.t,3)="PBT","Big Bag",TRUE,"-"))} -> Saco | Q4: =_xlfn.LET(_xlpm.p,_xlfn.XLOOKUP(_Shipments[[#This Row],[CLN]],[2]Dados!$D:$D,[2]Dados!$K:$K,"-"),_xlpm.n,_Shipments[[#This Row],[Qtde. sacos/palete]],IF(ISNUMBER(_xlpm.p),IF(_Shipments[[#This Row],[Embalagem]]="Big Bag",IF(ISNUMBER(_xlpm.n),_xlpm.p*_xlpm.n,"-"),_xlpm.p),"-")) -> 16.69 | R4: =IF(_Shipments[[#This Row],[Embalagem]]="Big Bag",_Shipments[[#This Row],[Qtd.]],ROUNDUP(_Shipments[[#This Row],[Qtd.]]/_Shipments[[#This Row],[Qtde. sacos/palete]],0)) -> 1 | S4: ECIO CRISTINO FERREIRA | T4: 34992119997 | U4: QDC-5910 | V4: HJC-1938 | W4: G10 TRANSPORTES S.A | Y4: 7240105
A5: =_xlfn.XLOOKUP(_Shipments[[#This Row],[Shipment]],[1]Report!$G:$G,[1]Report!$B:$B,"-") -> 46260.333 | B5: 7240103 | C5: 5541981925 | D5: 4 | E5: P3845VYHR-B821 | F5: 27 | G5: CORTEVA AGRISCIENCE DO BRASIL LTDA. | H5: APARECIDA DE GOIÂNIA | I5: GO | J5: 27 | K5: 7520927 | L5: 03P7520927 | M5: C2 | N5: =IF(_Shipments[[#This Row],[Embalagem]]="Big Bag",_Shipments[[#This Row],[Qtd.]]*_Shipments[[#This Row],[Qtde. sacos/palete]],_Shipments[[#This Row],[Qtd.]]) -> 27 | O5: =_xlfn.XLOOKUP(_Shipments[[#This Row],[CLN]],[2]Dados!$D:$D,[2]Dados!$R:$R,"-") -> 60 | P5: {=_xlfn.LET(_xlpm.t,_xlfn.XLOOKUP(_Shipments[[#This Row],[CLN]],[2]Dados!$D:$D,[2]Dados!$Q:$Q,"-"),_xlfn.IFS(LEFT(_xlpm.t,3)="PAS","Saco",LEFT(_xlpm.t,3)="PBT","Big Bag",TRUE,"-"))} -> Saco | Q5: =_xlfn.LET(_xlpm.p,_xlfn.XLOOKUP(_Shipments[[#This Row],[CLN]],[2]Dados!$D:$D,[2]Dados!$K:$K,"-"),_xlpm.n,_Shipments[[#This Row],[Qtde. sacos/palete]],IF(ISNUMBER(_xlpm.p),IF(_Shipments[[#This Row],[Embalagem]]="Big Bag",IF(ISNUMBER(_xlpm.n),_xlpm.p*_xlpm.n,"-"),_xlpm.p),"-")) -> 14.69 | R5: =IF(_Shipments[[#This Row],[Embalagem]]="Big Bag",_Shipments[[#This Row],[Qtd.]],ROUNDUP(_Shipments[[#This Row],[Qtd.]]/_Shipments[[#This Row],[Qtde. sacos/palete]],0)) -> 1 | S5: ECIO CRISTINO FERREIRA | T5: 34992119997 | U5: QDC-5910 | V5: HJC-1938 | W5: G10 TRANSPORTES S.A | Y5: 7240106
A6: =_xlfn.XLOOKUP(_Shipments[[#This Row],[Shipment]],[1]Report!$G:$G,[1]Report!$B:$B,"-") -> 46260.333 | B6: 7240103 | C6: 5541981925 | D6: 5 | E6: P3845VYHR-B821 | F6: 31 | G6: CORTEVA AGRISCIENCE DO BRASIL LTDA. | H6: APARECIDA DE GOIÂNIA | I6: GO | J6: 31 | K6: 7520929 | L6: 03P7520929 | M6: C2 | N6: =IF(_Shipments[[#This Row],[Embalagem]]="Big Bag",_Shipments[[#This Row],[Qtd.]]*_Shipments[[#This Row],[Qtde. sacos/palete]],_Shipments[[#This Row],[Qtd.]]) -> 31 | O6: =_xlfn.XLOOKUP(_Shipments[[#This Row],[CLN]],[2]Dados!$D:$D,[2]Dados!$R:$R,"-") -> 70 | P6: {=_xlfn.LET(_xlpm.t,_xlfn.XLOOKUP(_Shipments[[#This Row],[CLN]],[2]Dados!$D:$D,[2]Dados!$Q:$Q,"-"),_xlfn.IFS(LEFT(_xlpm.t,3)="PAS","Saco",LEFT(_xlpm.t,3)="PBT","Big Bag",TRUE,"-"))} -> Saco | Q6: =_xlfn.LET(_xlpm.p,_xlfn.XLOOKUP(_Shipments[[#This Row],[CLN]],[2]Dados!$D:$D,[2]Dados!$K:$K,"-"),_xlpm.n,_Shipments[[#This Row],[Qtde. sacos/palete]],IF(ISNUMBER(_xlpm.p),IF(_Shipments[[#This Row],[Embalagem]]="Big Bag",IF(ISNUMBER(_xlpm.n),_xlpm.p*_xlpm.n,"-"),_xlpm.p),"-")) -> 14.13 | R6: =IF(_Shipments[[#This Row],[Embalagem]]="Big Bag",_Shipments[[#This Row],[Qtd.]],ROUNDUP(_Shipments[[#This Row],[Qtd.]]/_Shipments[[#This Row],[Qtde. sacos/palete]],0)) -> 1 | S6: ECIO CRISTINO FERREIRA | T6: 34992119997 | U6: QDC-5910 | V6: HJC-1938 | W6: G10 TRANSPORTES S.A | Y6: 7240107
A7: =_xlfn.XLOOKUP(_Shipments[[#This Row],[Shipment]],[1]Report!$G:$G,[1]Report!$B:$B,"-") -> 46260.333 | B7: 7240103 | C7: 5541981925 | D7: 6 | E7: P3845VYHR-B822 | F7: 195 | G7: CORTEVA AGRISCIENCE DO BRASIL LTDA. | H7: APARECIDA DE GOIÂNIA | I7: GO | J7: 195 | K7: 7520886 | L7: 03P7520886 | M7: C3C | N7: =IF(_Shipments[[#This Row],[Embalagem]]="Big Bag",_Shipments[[#This Row],[Qtd.]]*_Shipments[[#This Row],[Qtde. sacos/palete]],_Shipments[[#This Row],[Qtd.]]) -> 195 | O7: =_xlfn.XLOOKUP(_Shipments[[#This Row],[CLN]],[2]Dados!$D:$D,[2]Dados!$R:$R,"-") -> 75 | P7: {=_xlfn.LET(_xlpm.t,_xlfn.XLOOKUP(_Shipments[[#This Row],[CLN]],[2]Dados!$D:$D,[2]Dados!$Q:$Q,"-"),_xlfn.IFS(LEFT(_xlpm.t,3)="PAS","Saco",LEFT(_xlpm.t,3)="PBT","Big Bag",TRUE,"-"))} -> Saco | Q7: =_xlfn.LET(_xlpm.p,_xlfn.XLOOKUP(_Shipments[[#This Row],[CLN]],[2]Dados!$D:$D,[2]Dados!$K:$K,"-"),_xlpm.n,_Shipments[[#This Row],[Qtde. sacos/palete]],IF(ISNUMBER(_xlpm.p),IF(_Shipments[[#This Row],[Embalagem]]="Big Bag",IF(ISNUMBER(_xlpm.n),_xlpm.p*_xlpm.n,"-"),_xlpm.p),"-")) -> 11.26 | R7: =IF(_Shipments[[#This Row],[Embalagem]]="Big Bag",_Shipments[[#This Row],[Qtd.]],ROUNDUP(_Shipments[[#This Row],[Qtd.]]/_Shipments[[#This Row],[Qtde. sacos/palete]],0)) -> 3 | S7: ECIO CRISTINO FERREIRA | T7: 34992119997 | U7: QDC-5910 | V7: HJC-1938 | W7: G10 TRANSPORTES S.A | Y7: 7240108
A8: =_xlfn.XLOOKUP(_Shipments[[#This Row],[Shipment]],[1]Report!$G:$G,[1]Report!$B:$B,"-") -> 46260.333 | B8: 7240104 | C8: 5541981926 | D8: 1 | E8: P3845VYHR-B825 | F8: 925 | G8: CORTEVA AGRISCIENCE DO BRASIL LTDA. | H8: APARECIDA DE GOIÂNIA | I8: GO | J8: 925 | K8: 7520891 | L8: 03P7520891 | M8: R3C | N8: =IF(_Shipments[[#This Row],[Embalagem]]="Big Bag",_Shipments[[#This Row],[Qtd.]]*_Shipments[[#This Row],[Qtde. sacos/palete]],_Shipments[[#This Row],[Qtd.]]) -> 925 | O8: =_xlfn.XLOOKUP(_Shipments[[#This Row],[CLN]],[2]Dados!$D:$D,[2]Dados!$R:$R,"-") -> 70 | P8: {=_xlfn.LET(_xlpm.t,_xlfn.XLOOKUP(_Shipments[[#This Row],[CLN]],[2]Dados!$D:$D,[2]Dados!$Q:$Q,"-"),_xlfn.IFS(LEFT(_xlpm.t,3)="PAS","Saco",LEFT(_xlpm.t,3)="PBT","Big Bag",TRUE,"-"))} -> Saco | Q8: =_xlfn.LET(_xlpm.p,_xlfn.XLOOKUP(_Shipments[[#This Row],[CLN]],[2]Dados!$D:$D,[2]Dados!$K:$K,"-"),_xlpm.n,_Shipments[[#This Row],[Qtde. sacos/palete]],IF(ISNUMBER(_xlpm.p),IF(_Shipments[[#This Row],[Embalagem]]="Big Bag",IF(ISNUMBER(_xlpm.n),_xlpm.p*_xlpm.n,"-"),_xlpm.p),"-")) -> 13.11 | R8: =IF(_Shipments[[#This Row],[Embalagem]]="Big Bag",_Shipments[[#This Row],[Qtd.]],ROUNDUP(_Shipments[[#This Row],[Qtd.]]/_Shipments[[#This Row],[Qtde. sacos/palete]],0)) -> 14 | S8: MARCILIO NUNES GOMES | T8: 38999337997 | U8: FHS-8D82 | V8: SJG-2J59 | W8: G10 TRANSPORTES S.A | Y8: 7240109
A9: =_xlfn.XLOOKUP(_Shipments[[#This Row],[Shipment]],[1]Report!$G:$G,[1]Report!$B:$B,"-") -> 46260.333 | B9: 7240104 | C9: 5541981926 | D9: 2 | E9: P3845VYHR-B821 | F9: 39 | G9: CORTEVA AGRISCIENCE DO BRASIL LTDA. | H9: APARECIDA DE GOIÂNIA | I9: GO | J9: 39 | K9: 7520933 | L9: 03P7520933 | M9: C2 | N9: =IF(_Shipments[[#This Row],[Embalagem]]="Big Bag",_Shipments[[#This Row],[Qtd.]]*_Shipments[[#This Row],[Qtde. sacos/palete]],_Shipments[[#This Row],[Qtd.]]) -> 39 | O9: =_xlfn.XLOOKUP(_Shipments[[#This Row],[CLN]],[2]Dados!$D:$D,[2]Dados!$R:$R,"-") -> 60 | P9: {=_xlfn.LET(_xlpm.t,_xlfn.XLOOKUP(_Shipments[[#This Row],[CLN]],[2]Dados!$D:$D,[2]Dados!$Q:$Q,"-"),_xlfn.IFS(LEFT(_xlpm.t,3)="PAS","Saco",LEFT(_xlpm.t,3)="PBT","Big Bag",TRUE,"-"))} -> Saco | Q9: =_xlfn.LET(_xlpm.p,_xlfn.XLOOKUP(_Shipments[[#This Row],[CLN]],[2]Dados!$D:$D,[2]Dados!$K:$K,"-"),_xlpm.n,_Shipments[[#This Row],[Qtde. sacos/palete]],IF(ISNUMBER(_xlpm.p),IF(_Shipments[[#This Row],[Embalagem]]="Big Bag",IF(ISNUMBER(_xlpm.n),_xlpm.p*_xlpm.n,"-"),_xlpm.p),"-")) -> 14.56 | R9: =IF(_Shipments[[#This Row],[Embalagem]]="Big Bag",_Shipments[[#This Row],[Qtd.]],ROUNDUP(_Shipments[[#This Row],[Qtd.]]/_Shipments[[#This Row],[Qtde. sacos/palete]],0)) -> 1 | S9: MARCILIO NUNES GOMES | T9: 38999337997 | U9: FHS-8D82 | V9: SJG-2J59 | W9: G10 TRANSPORTES S.A | Y9: 7240110
A10: =_xlfn.XLOOKUP(_Shipments[[#This Row],[Shipment]],[1]Report!$G:$G,[1]Report!$B:$B,"-") -> 46260.333 | B10: 7240104 | C10: 5541981926 | D10: 3 | E10: P3845VYHR-B821 | F10: 27 | G10: CORTEVA AGRISCIENCE DO BRASIL LTDA. | H10: APARECIDA DE GOIÂNIA | I10: GO | J10: 27 | K10: 7520936 | L10: 03P7520936 | M10: C1 | N10: =IF(_Shipments[[#This Row],[Embalagem]]="Big Bag",_Shipments[[#This Row],[Qtd.]]*_Shipments[[#This Row],[Qtde. sacos/palete]],_Shipments[[#This Row],[Qtd.]]) -> 27 | O10: =_xlfn.XLOOKUP(_Shipments[[#This Row],[CLN]],[2]Dados!$D:$D,[2]Dados!$R:$R,"-") -> 60 | P10: {=_xlfn.LET(_xlpm.t,_xlfn.XLOOKUP(_Shipments[[#This Row],[CLN]],[2]Dados!$D:$D,[2]Dados!$Q:$Q,"-"),_xlfn.IFS(LEFT(_xlpm.t,3)="PAS","Saco",LEFT(_xlpm.t,3)="PBT","Big Bag",TRUE,"-"))} -> Saco | Q10: =_xlfn.LET(_xlpm.p,_xlfn.XLOOKUP(_Shipments[[#This Row],[CLN]],[2]Dados!$D:$D,[2]Dados!$K:$K,"-"),_xlpm.n,_Shipments[[#This Row],[Qtde. sacos/palete]],IF(ISNUMBER(_xlpm.p),IF(_Shipments[[#This Row],[Embalagem]]="Big Bag",IF(ISNUMBER(_xlpm.n),_xlpm.p*_xlpm.n,"-"),_xlpm.p),"-")) -> 16.18 | R10: =IF(_Shipments[[#This Row],[Embalagem]]="Big Bag",_Shipments[[#This Row],[Qtd.]],ROUNDUP(_Shipments[[#This Row],[Qtd.]]/_Shipments[[#This Row],[Qtde. sacos/palete]],0)) -> 1 | S10: MARCILIO NUNES GOMES | T10: 38999337997 | U10: FHS-8D82 | V10: SJG-2J59 | W10: G10 TRANSPORTES S.A | Y10: 7240111
A11: =_xlfn.XLOOKUP(_Shipments[[#This Row],[Shipment]],[1]Report!$G:$G,[1]Report!$B:$B,"-") -> 46260.333 | B11: 7240104 | C11: 5541981926 | D11: 4 | E11: P3845VYHR-B821 | F11: 39 | G11: CORTEVA AGRISCIENCE DO BRASIL LTDA. | H11: APARECIDA DE GOIÂNIA | I11: GO | J11: 39 | K11: 7520939 | L11: 03P7520939 | M11: C1 | N11: =IF(_Shipments[[#This Row],[Embalagem]]="Big Bag",_Shipments[[#This Row],[Qtd.]]*_Shipments[[#This Row],[Qtde. sacos/palete]],_Shipments[[#This Row],[Qtd.]]) -> 39 | O11: =_xlfn.XLOOKUP(_Shipments[[#This Row],[CLN]],[2]Dados!$D:$D,[2]Dados!$R:$R,"-") -> 60 | P11: {=_xlfn.LET(_xlpm.t,_xlfn.XLOOKUP(_Shipments[[#This Row],[CLN]],[2]Dados!$D:$D,[2]Dados!$Q:$Q,"-"),_xlfn.IFS(LEFT(_xlpm.t,3)="PAS","Saco",LEFT(_xlpm.t,3)="PBT","Big Bag",TRUE,"-"))} -> Saco | Q11: =_xlfn.LET(_xlpm.p,_xlfn.XLOOKUP(_Shipments[[#This Row],[CLN]],[2]Dados!$D:$D,[2]Dados!$K:$K,"-"),_xlpm.n,_Shipments[[#This Row],[Qtde. sacos/palete]],IF(ISNUMBER(_xlpm.p),IF(_Shipments[[#This Row],[Embalagem]]="Big Bag",IF(ISNUMBER(_xlpm.n),_xlpm.p*_xlpm.n,"-"),_xlpm.p),"-")) -> 16.84 | R11: =IF(_Shipments[[#This Row],[Embalagem]]="Big Bag",_Shipments[[#This Row],[Qtd.]],ROUNDUP(_Shipments[[#This Row],[Qtd.]]/_Shipments[[#This Row],[Qtde. sacos/palete]],0)) -> 1 | S11: MARCILIO NUNES GOMES | T11: 38999337997 | U11: FHS-8D82 | V11: SJG-2J59 | W11: G10 TRANSPORTES S.A | Y11: 7241110
A12: =_xlfn.XLOOKUP(_Shipments[[#This Row],[Shipment]],[1]Report!$G:$G,[1]Report!$B:$B,"-") -> 46260.333 | B12: 7240104 | C12: 5541981926 | D12: 5 | E12: P3845VYHR-B825 | F12: 37 | G12: CORTEVA AGRISCIENCE DO BRASIL LTDA. | H12: APARECIDA DE GOIÂNIA | I12: GO | J12: 37 | K12: 7520948 | L12: 03P7520948 | M12: R3 | N12: =IF(_Shipments[[#This Row],[Embalagem]]="Big Bag",_Shipments[[#This Row],[Qtd.]]*_Shipments[[#This Row],[Qtde. sacos/palete]],_Shipments[[#This Row],[Qtd.]]) -> 37 | O12: =_xlfn.XLOOKUP(_Shipments[[#This Row],[CLN]],[2]Dados!$D:$D,[2]Dados!$R:$R,"-") -> 70 | P12: {=_xlfn.LET(_xlpm.t,_xlfn.XLOOKUP(_Shipments[[#This Row],[CLN]],[2]Dados!$D:$D,[2]Dados!$Q:$Q,"-"),_xlfn.IFS(LEFT(_xlpm.t,3)="PAS","Saco",LEFT(_xlpm.t,3)="PBT","Big Bag",TRUE,"-"))} -> Saco | Q12: =_xlfn.LET(_xlpm.p,_xlfn.XLOOKUP(_Shipments[[#This Row],[CLN]],[2]Dados!$D:$D,[2]Dados!$K:$K,"-"),_xlpm.n,_Shipments[[#This Row],[Qtde. sacos/palete]],IF(ISNUMBER(_xlpm.p),IF(_Shipments[[#This Row],[Embalagem]]="Big Bag",IF(ISNUMBER(_xlpm.n),_xlpm.p*_xlpm.n,"-"),_xlpm.p),"-")) -> 14.06 | R12: =IF(_Shipments[[#This Row],[Embalagem]]="Big Bag",_Shipments[[#This Row],[Qtd.]],ROUNDUP(_Shipments[[#This Row],[Qtd.]]/_Shipments[[#This Row],[Qtde. sacos/palete]],0)) -> 1 | S12: MARCILIO NUNES GOMES | T12: 38999337997 | U12: FHS-8D82 | V12: SJG-2J59 | W12: G10 TRANSPORTES S.A | Y12: 7241111
A13: =_xlfn.XLOOKUP(_Shipments[[#This Row],[Shipment]],[1]Report!$G:$G,[1]Report!$B:$B,"-") -> 46260.333 | B13: 7240104 | C13: 5541981926 | D13: 6 | E13: P3845VYHR-B822 | F13: 207 | G13: CORTEVA AGRISCIENCE DO BRASIL LTDA. | H13: APARECIDA DE GOIÂNIA | I13: GO | J13: 207 | K13: 7520924 | L13: 03P7520924 | M13: C3 | N13: =IF(_Shipments[[#This Row],[Embalagem]]="Big Bag",_Shipments[[#This Row],[Qtd.]]*_Shipments[[#This Row],[Qtde. sacos/palete]],_Shipments[[#This Row],[Qtd.]]) -> 207 | O13: =_xlfn.XLOOKUP(_Shipments[[#This Row],[CLN]],[2]Dados!$D:$D,[2]Dados!$R:$R,"-") -> 70 | P13: {=_xlfn.LET(_xlpm.t,_xlfn.XLOOKUP(_Shipments[[#This Row],[CLN]],[2]Dados!$D:$D,[2]Dados!$Q:$Q,"-"),_xlfn.IFS(LEFT(_xlpm.t,3)="PAS","Saco",LEFT(_xlpm.t,3)="PBT","Big Bag",TRUE,"-"))} -> Saco | Q13: =_xlfn.LET(_xlpm.p,_xlfn.XLOOKUP(_Shipments[[#This Row],[CLN]],[2]Dados!$D:$D,[2]Dados!$K:$K,"-"),_xlpm.n,_Shipments[[#This Row],[Qtde. sacos/palete]],IF(ISNUMBER(_xlpm.p),IF(_Shipments[[#This Row],[Embalagem]]="Big Bag",IF(ISNUMBER(_xlpm.n),_xlpm.p*_xlpm.n,"-"),_xlpm.p),"-")) -> 13.26 | R13: =IF(_Shipments[[#This Row],[Embalagem]]="Big Bag",_Shipments[[#This Row],[Qtd.]],ROUNDUP(_Shipments[[#This Row],[Qtd.]]/_Shipments[[#This Row],[Qtde. sacos/palete]],0)) -> 3 | S13: MARCILIO NUNES GOMES | T13: 38999337997 | U13: FHS-8D82 | V13: SJG-2J59 | W13: G10 TRANSPORTES S.A | Y13: 7241113
... A76: =_xlfn.XLOOKUP(_Shipments[[#This Row],[Shipment]],[1]Report!$G:$G,[1]Report!$B:$B,"-") -> 46275.333 | B76: 7241954 | C76: 5541984145 | D76: 16 | E76: P3845VYHR-B825 | F76: 13 | G76: CORTEVA AGRISCIENCE DO BRASIL LTDA. | H76: UBERLÂNDIA | I76: MG | J76: 13 | K76: 7566291 | L76: 03P7566291 | M76: R3 | N76: =IF(_Shipments[[#This Row],[Embalagem]]="Big Bag",_Shipments[[#This Row],[Qtd.]]*_Shipments[[#This Row],[Qtde. sacos/palete]],_Shipments[[#This Row],[Qtd.]]) -> 13 | O76: =_xlfn.XLOOKUP(_Shipments[[#This Row],[CLN]],[2]Dados!$D:$D,[2]Dados!$R:$R,"-") -> 60 | P76: {=_xlfn.LET(_xlpm.t,_xlfn.XLOOKUP(_Shipments[[#This Row],[CLN]],[2]Dados!$D:$D,[2]Dados!$Q:$Q,"-"),_xlfn.IFS(LEFT(_xlpm.t,3)="PAS","Saco",LEFT(_xlpm.t,3)="PBT","Big Bag",TRUE,"-"))} -> Saco | Q76: =_xlfn.LET(_xlpm.p,_xlfn.XLOOKUP(_Shipments[[#This Row],[CLN]],[2]Dados!$D:$D,[2]Dados!$K:$K,"-"),_xlpm.n,_Shipments[[#This Row],[Qtde. sacos/palete]],IF(ISNUMBER(_xlpm.p),IF(_Shipments[[#This Row],[Embalagem]]="Big Bag",IF(ISNUMBER(_xlpm.n),_xlpm.p*_xlpm.n,"-"),_xlpm.p),"-")) -> 16.67 | R76: =IF(_Shipments[[#This Row],[Embalagem]]="Big Bag",_Shipments[[#This Row],[Qtd.]],ROUNDUP(_Shipments[[#This Row],[Qtd.]]/_Shipments[[#This Row],[Qtde. sacos/palete]],0)) -> 1 | S76: JULIO CESAR DE OLIVEIRA | T76: 34999248710 | U76: AZN-6580 | V76: ORA-1733 | W76: G10 TRANSPORTES S.A | Y76: 7244343
A77: =_xlfn.XLOOKUP(_Shipments[[#This Row],[Shipment]],[1]Report!$G:$G,[1]Report!$B:$B,"-") -> 46275.333 | B77: 7241954 | C77: 5541984145 | D77: 17 | E77: P3845VYHR-B821 | F77: 22 | G77: CORTEVA AGRISCIENCE DO BRASIL LTDA. | H77: UBERLÂNDIA | I77: MG | J77: 22 | K77: 7566301 | L77: 03P7566301 | M77: C2 | N77: =IF(_Shipments[[#This Row],[Embalagem]]="Big Bag",_Shipments[[#This Row],[Qtd.]]*_Shipments[[#This Row],[Qtde. sacos/palete]],_Shipments[[#This Row],[Qtd.]]) -> 22 | O77: =_xlfn.XLOOKUP(_Shipments[[#This Row],[CLN]],[2]Dados!$D:$D,[2]Dados!$R:$R,"-") -> 60 | P77: {=_xlfn.LET(_xlpm.t,_xlfn.XLOOKUP(_Shipments[[#This Row],[CLN]],[2]Dados!$D:$D,[2]Dados!$Q:$Q,"-"),_xlfn.IFS(LEFT(_xlpm.t,3)="PAS","Saco",LEFT(_xlpm.t,3)="PBT","Big Bag",TRUE,"-"))} -> Saco | Q77: =_xlfn.LET(_xlpm.p,_xlfn.XLOOKUP(_Shipments[[#This Row],[CLN]],[2]Dados!$D:$D,[2]Dados!$K:$K,"-"),_xlpm.n,_Shipments[[#This Row],[Qtde. sacos/palete]],IF(ISNUMBER(_xlpm.p),IF(_Shipments[[#This Row],[Embalagem]]="Big Bag",IF(ISNUMBER(_xlpm.n),_xlpm.p*_xlpm.n,"-"),_xlpm.p),"-")) -> 17.47 | R77: =IF(_Shipments[[#This Row],[Embalagem]]="Big Bag",_Shipments[[#This Row],[Qtd.]],ROUNDUP(_Shipments[[#This Row],[Qtd.]]/_Shipments[[#This Row],[Qtde. sacos/palete]],0)) -> 1 | S77: JULIO CESAR DE OLIVEIRA | T77: 34999248710 | U77: AZN-6580 | V77: ORA-1733 | W77: G10 TRANSPORTES S.A
A78: =_xlfn.XLOOKUP(_Shipments[[#This Row],[Shipment]],[1]Report!$G:$G,[1]Report!$B:$B,"-") -> 46275.333 | B78: 7241954 | C78: 5541984145 | D78: 18 | E78: P3845VYHR-B821 | F78: 24 | G78: CORTEVA AGRISCIENCE DO BRASIL LTDA. | H78: UBERLÂNDIA | I78: MG | J78: 24 | K78: 7566302 | L78: 03P7566302 | M78: C2 | N78: =IF(_Shipments[[#This Row],[Embalagem]]="Big Bag",_Shipments[[#This Row],[Qtd.]]*_Shipments[[#This Row],[Qtde. sacos/palete]],_Shipments[[#This Row],[Qtd.]]) -> 24 | O78: =_xlfn.XLOOKUP(_Shipments[[#This Row],[CLN]],[2]Dados!$D:$D,[2]Dados!$R:$R,"-") -> 50 | P78: {=_xlfn.LET(_xlpm.t,_xlfn.XLOOKUP(_Shipments[[#This Row],[CLN]],[2]Dados!$D:$D,[2]Dados!$Q:$Q,"-"),_xlfn.IFS(LEFT(_xlpm.t,3)="PAS","Saco",LEFT(_xlpm.t,3)="PBT","Big Bag",TRUE,"-"))} -> Saco | Q78: =_xlfn.LET(_xlpm.p,_xlfn.XLOOKUP(_Shipments[[#This Row],[CLN]],[2]Dados!$D:$D,[2]Dados!$K:$K,"-"),_xlpm.n,_Shipments[[#This Row],[Qtde. sacos/palete]],IF(ISNUMBER(_xlpm.p),IF(_Shipments[[#This Row],[Embalagem]]="Big Bag",IF(ISNUMBER(_xlpm.n),_xlpm.p*_xlpm.n,"-"),_xlpm.p),"-")) -> 17.6 | R78: =IF(_Shipments[[#This Row],[Embalagem]]="Big Bag",_Shipments[[#This Row],[Qtd.]],ROUNDUP(_Shipments[[#This Row],[Qtd.]]/_Shipments[[#This Row],[Qtde. sacos/palete]],0)) -> 1 | S78: JULIO CESAR DE OLIVEIRA | T78: 34999248710 | U78: AZN-6580 | V78: ORA-1733 | W78: G10 TRANSPORTES S.A
A79: =_xlfn.XLOOKUP(_Shipments[[#This Row],[Shipment]],[1]Report!$G:$G,[1]Report!$B:$B,"-") -> 46275.333 | B79: 7241954 | C79: 5541984145 | D79: 19 | E79: P3845VYHR-B821 | F79: 28 | G79: CORTEVA AGRISCIENCE DO BRASIL LTDA. | H79: UBERLÂNDIA | I79: MG | J79: 28 | K79: 7520935 | L79: 03P7520935 | M79: C1 | N79: =IF(_Shipments[[#This Row],[Embalagem]]="Big Bag",_Shipments[[#This Row],[Qtd.]]*_Shipments[[#This Row],[Qtde. sacos/palete]],_Shipments[[#This Row],[Qtd.]]) -> 28 | O79: =_xlfn.XLOOKUP(_Shipments[[#This Row],[CLN]],[2]Dados!$D:$D,[2]Dados!$R:$R,"-") -> 60 | P79: {=_xlfn.LET(_xlpm.t,_xlfn.XLOOKUP(_Shipments[[#This Row],[CLN]],[2]Dados!$D:$D,[2]Dados!$Q:$Q,"-"),_xlfn.IFS(LEFT(_xlpm.t,3)="PAS","Saco",LEFT(_xlpm.t,3)="PBT","Big Bag",TRUE,"-"))} -> Saco | Q79: =_xlfn.LET(_xlpm.p,_xlfn.XLOOKUP(_Shipments[[#This Row],[CLN]],[2]Dados!$D:$D,[2]Dados!$K:$K,"-"),_xlpm.n,_Shipments[[#This Row],[Qtde. sacos/palete]],IF(ISNUMBER(_xlpm.p),IF(_Shipments[[#This Row],[Embalagem]]="Big Bag",IF(ISNUMBER(_xlpm.n),_xlpm.p*_xlpm.n,"-"),_xlpm.p),"-")) -> 16.91 | R79: =IF(_Shipments[[#This Row],[Embalagem]]="Big Bag",_Shipments[[#This Row],[Qtd.]],ROUNDUP(_Shipments[[#This Row],[Qtd.]]/_Shipments[[#This Row],[Qtde. sacos/palete]],0)) -> 1 | S79: JULIO CESAR DE OLIVEIRA | T79: 34999248710 | U79: AZN-6580 | V79: ORA-1733 | W79: G10 TRANSPORTES S.A
A80: =_xlfn.XLOOKUP(_Shipments[[#This Row],[Shipment]],[1]Report!$G:$G,[1]Report!$B:$B,"-") -> 46275.333 | B80: 7241954 | C80: 5541984145 | D80: 20 | E80: P3845VYHR-B821 | F80: 33 | G80: CORTEVA AGRISCIENCE DO BRASIL LTDA. | H80: UBERLÂNDIA | I80: MG | J80: 33 | K80: 7550836 | L80: 03P7550836 | M80: C2 | N80: =IF(_Shipments[[#This Row],[Embalagem]]="Big Bag",_Shipments[[#This Row],[Qtd.]]*_Shipments[[#This Row],[Qtde. sacos/palete]],_Shipments[[#This Row],[Qtd.]]) -> 33 | O80: =_xlfn.XLOOKUP(_Shipments[[#This Row],[CLN]],[2]Dados!$D:$D,[2]Dados!$R:$R,"-") -> 60 | P80: {=_xlfn.LET(_xlpm.t,_xlfn.XLOOKUP(_Shipments[[#This Row],[CLN]],[2]Dados!$D:$D,[2]Dados!$Q:$Q,"-"),_xlfn.IFS(LEFT(_xlpm.t,3)="PAS","Saco",LEFT(_xlpm.t,3)="PBT","Big Bag",TRUE,"-"))} -> Saco | Q80: =_xlfn.LET(_xlpm.p,_xlfn.XLOOKUP(_Shipments[[#This Row],[CLN]],[2]Dados!$D:$D,[2]Dados!$K:$K,"-"),_xlpm.n,_Shipments[[#This Row],[Qtde. sacos/palete]],IF(ISNUMBER(_xlpm.p),IF(_Shipments[[#This Row],[Embalagem]]="Big Bag",IF(ISNUMBER(_xlpm.n),_xlpm.p*_xlpm.n,"-"),_xlpm.p),"-")) -> 14.89 | R80: =IF(_Shipments[[#This Row],[Embalagem]]="Big Bag",_Shipments[[#This Row],[Qtd.]],ROUNDUP(_Shipments[[#This Row],[Qtd.]]/_Shipments[[#This Row],[Qtde. sacos/palete]],0)) -> 1 | S80: JULIO CESAR DE OLIVEIRA | T80: 34999248710 | U80: AZN-6580 | V80: ORA-1733 | W80: G10 TRANSPORTES S.A
A81: =_xlfn.XLOOKUP(_Shipments[[#This Row],[Shipment]],[1]Report!$G:$G,[1]Report!$B:$B,"-") -> 46275.333 | B81: 7241954 | C81: 5541984145 | D81: 21 | E81: P3845VYHR-B824 | F81: 22 | G81: CORTEVA AGRISCIENCE DO BRASIL LTDA. | H81: UBERLÂNDIA | I81: MG | J81: 22 | K81: 7520962 | L81: 03P7520962 | M81: R1 | N81: =IF(_Shipments[[#This Row],[Embalagem]]="Big Bag",_Shipments[[#This Row],[Qtd.]]*_Shipments[[#This Row],[Qtde. sacos/palete]],_Shipments[[#This Row],[Qtd.]]) -> 22 | O81: =_xlfn.XLOOKUP(_Shipments[[#This Row],[CLN]],[2]Dados!$D:$D,[2]Dados!$R:$R,"-") -> 45 | P81: {=_xlfn.LET(_xlpm.t,_xlfn.XLOOKUP(_Shipments[[#This Row],[CLN]],[2]Dados!$D:$D,[2]Dados!$Q:$Q,"-"),_xlfn.IFS(LEFT(_xlpm.t,3)="PAS","Saco",LEFT(_xlpm.t,3)="PBT","Big Bag",TRUE,"-"))} -> Saco | Q81: =_xlfn.LET(_xlpm.p,_xlfn.XLOOKUP(_Shipments[[#This Row],[CLN]],[2]Dados!$D:$D,[2]Dados!$K:$K,"-"),_xlpm.n,_Shipments[[#This Row],[Qtde. sacos/palete]],IF(ISNUMBER(_xlpm.p),IF(_Shipments[[#This Row],[Embalagem]]="Big Bag",IF(ISNUMBER(_xlpm.n),_xlpm.p*_xlpm.n,"-"),_xlpm.p),"-")) -> 22.38 | R81: =IF(_Shipments[[#This Row],[Embalagem]]="Big Bag",_Shipments[[#This Row],[Qtd.]],ROUNDUP(_Shipments[[#This Row],[Qtd.]]/_Shipments[[#This Row],[Qtde. sacos/palete]],0)) -> 1 | S81: JULIO CESAR DE OLIVEIRA | T81: 34999248710 | U81: AZN-6580 | V81: ORA-1733 | W81: G10 TRANSPORTES S.A
A82: =_xlfn.XLOOKUP(_Shipments[[#This Row],[Shipment]],[1]Report!$G:$G,[1]Report!$B:$B,"-") -> 46268.333 | B82: 7241962 | C82: 5541984151 | D82: 1 | E82: P3845VYHR-B844 | F82: 18 | G82: CORTEVA AGRISCIENCE DO BRASIL LTDA. | H82: APARECIDA DE GOIÂNIA | I82: GO | J82: 18 | K82: 7518210 | L82: 03P7518210 | M82: R2 | N82: =IF(_Shipments[[#This Row],[Embalagem]]="Big Bag",_Shipments[[#This Row],[Qtd.]]*_Shipments[[#This Row],[Qtde. sacos/palete]],_Shipments[[#This Row],[Qtd.]]) -> 720 | O82: =_xlfn.XLOOKUP(_Shipments[[#This Row],[CLN]],[2]Dados!$D:$D,[2]Dados!$R:$R,"-") -> 40 | P82: {=_xlfn.LET(_xlpm.t,_xlfn.XLOOKUP(_Shipments[[#This Row],[CLN]],[2]Dados!$D:$D,[2]Dados!$Q:$Q,"-"),_xlfn.IFS(LEFT(_xlpm.t,3)="PAS","Saco",LEFT(_xlpm.t,3)="PBT","Big Bag",TRUE,"-"))} -> Big Bag | Q82: =_xlfn.LET(_xlpm.p,_xlfn.XLOOKUP(_Shipments[[#This Row],[CLN]],[2]Dados!$D:$D,[2]Dados!$K:$K,"-"),_xlpm.n,_Shipments[[#This Row],[Qtde. sacos/palete]],IF(ISNUMBER(_xlpm.p),IF(_Shipments[[#This Row],[Embalagem]]="Big Bag",IF(ISNUMBER(_xlpm.n),_xlpm.p*_xlpm.n,"-"),_xlpm.p),"-")) -> 667.6 | R82: =IF(_Shipments[[#This Row],[Embalagem]]="Big Bag",_Shipments[[#This Row],[Qtd.]],ROUNDUP(_Shipments[[#This Row],[Qtd.]]/_Shipments[[#This Row],[Qtde. sacos/palete]],0)) -> 18 | S82: DENILSON LAZARO CORREA | T82: 34999031784 | U82: NSI-5E04 | V82: SCU-6D73 | W82: G10 TRANSPORTES S.A
A83: =_xlfn.XLOOKUP(_Shipments[[#This Row],[Shipment]],[1]Report!$G:$G,[1]Report!$B:$B,"-") -> 46268.333 | B83: 7241962 | C83: 5541984151 | D83: 2 | E83: P3845VYHR-B841 | F83: 3 | G83: CORTEVA AGRISCIENCE DO BRASIL LTDA. | H83: APARECIDA DE GOIÂNIA | I83: GO | J83: 3 | K83: 7518134 | L83: 03P7518134 | M83: C2 | N83: =IF(_Shipments[[#This Row],[Embalagem]]="Big Bag",_Shipments[[#This Row],[Qtd.]]*_Shipments[[#This Row],[Qtde. sacos/palete]],_Shipments[[#This Row],[Qtd.]]) -> 120 | O83: =_xlfn.XLOOKUP(_Shipments[[#This Row],[CLN]],[2]Dados!$D:$D,[2]Dados!$R:$R,"-") -> 40 | P83: {=_xlfn.LET(_xlpm.t,_xlfn.XLOOKUP(_Shipments[[#This Row],[CLN]],[2]Dados!$D:$D,[2]Dados!$Q:$Q,"-"),_xlfn.IFS(LEFT(_xlpm.t,3)="PAS","Saco",LEFT(_xlpm.t,3)="PBT","Big Bag",TRUE,"-"))} -> Big Bag | Q83: =_xlfn.LET(_xlpm.p,_xlfn.XLOOKUP(_Shipments[[#This Row],[CLN]],[2]Dados!$D:$D,[2]Dados!$K:$K,"-"),_xlpm.n,_Shipments[[#This Row],[Qtde. sacos/palete]],IF(ISNUMBER(_xlpm.p),IF(_Shipments[[#This Row],[Embalagem]]="Big Bag",IF(ISNUMBER(_xlpm.n),_xlpm.p*_xlpm.n,"-"),_xlpm.p),"-")) -> 591.6 | R83: =IF(_Shipments[[#This Row],[Embalagem]]="Big Bag",_Shipments[[#This Row],[Qtd.]],ROUNDUP(_Shipments[[#This Row],[Qtd.]]/_Shipments[[#This Row],[Qtde. sacos/palete]],0)) -> 3 | S83: DENILSON LAZARO CORREA | T83: 34999031784 | U83: NSI-5E04 | V83: SCU-6D73 | W83: G10 TRANSPORTES S.A
A84: =_xlfn.XLOOKUP(_Shipments[[#This Row],[Shipment]],[1]Report!$G:$G,[1]Report!$B:$B,"-") -> 46275.333 | B84: 7241989 | C84: 5541984189 | D84: 1 | E84: P3845VYHR-B841 | F84: 21 | G84: CORTEVA AGRISCIENCE DO BRASIL LTDA. | H84: UBERLÂNDIA | I84: MG | J84: 21 | K84: 7518145 | L84: 03P7518145 | M84: C1 | N84: =IF(_Shipments[[#This Row],[Embalagem]]="Big Bag",_Shipments[[#This Row],[Qtd.]]*_Shipments[[#This Row],[Qtde. sacos/palete]],_Shipments[[#This Row],[Qtd.]]) -> 840 | O84: =_xlfn.XLOOKUP(_Shipments[[#This Row],[CLN]],[2]Dados!$D:$D,[2]Dados!$R:$R,"-") -> 40 | P84: {=_xlfn.LET(_xlpm.t,_xlfn.XLOOKUP(_Shipments[[#This Row],[CLN]],[2]Dados!$D:$D,[2]Dados!$Q:$Q,"-"),_xlfn.IFS(LEFT(_xlpm.t,3)="PAS","Saco",LEFT(_xlpm.t,3)="PBT","Big Bag",TRUE,"-"))} -> Big Bag | Q84: =_xlfn.LET(_xlpm.p,_xlfn.XLOOKUP(_Shipments[[#This Row],[CLN]],[2]Dados!$D:$D,[2]Dados!$K:$K,"-"),_xlpm.n,_Shipments[[#This Row],[Qtde. sacos/palete]],IF(ISNUMBER(_xlpm.p),IF(_Shipments[[#This Row],[Embalagem]]="Big Bag",IF(ISNUMBER(_xlpm.n),_xlpm.p*_xlpm.n,"-"),_xlpm.p),"-")) -> 678.4 | R84: =IF(_Shipments[[#This Row],[Embalagem]]="Big Bag",_Shipments[[#This Row],[Qtd.]],ROUNDUP(_Shipments[[#This Row],[Qtd.]]/_Shipments[[#This Row],[Qtde. sacos/palete]],0)) -> 21 | S84: ERNANI EUSTAQUIO DE SOUSA | T84: 34991030020 | U84: BCG-7A17 | V84: MSD-4B27 | W84: G10 TRANSPORTES S.A
A85: =_xlfn.XLOOKUP(_Shipments[[#This Row],[Shipment]],[1]Report!$G:$G,[1]Report!$B:$B,"-") -> 46275.375 | B85: 7241990 | C85: 5541984190 | D85: 1 | E85: P3845VYHR-B844 | F85: 21 | G85: CORTEVA AGRISCIENCE DO BRASIL LTDA. | H85: UBERLÂNDIA | I85: MG | J85: 21 | K85: 7518218 | L85: 03P7518218 | M85: R2 | N85: =IF(_Shipments[[#This Row],[Embalagem]]="Big Bag",_Shipments[[#This Row],[Qtd.]]*_Shipments[[#This Row],[Qtde. sacos/palete]],_Shipments[[#This Row],[Qtd.]]) -> 840 | O85: =_xlfn.XLOOKUP(_Shipments[[#This Row],[CLN]],[2]Dados!$D:$D,[2]Dados!$R:$R,"-") -> 40 | P85: {=_xlfn.LET(_xlpm.t,_xlfn.XLOOKUP(_Shipments[[#This Row],[CLN]],[2]Dados!$D:$D,[2]Dados!$Q:$Q,"-"),_xlfn.IFS(LEFT(_xlpm.t,3)="PAS","Saco",LEFT(_xlpm.t,3)="PBT","Big Bag",TRUE,"-"))} -> Big Bag | Q85: =_xlfn.LET(_xlpm.p,_xlfn.XLOOKUP(_Shipments[[#This Row],[CLN]],[2]Dados!$D:$D,[2]Dados!$K:$K,"-"),_xlpm.n,_Shipments[[#This Row],[Qtde. sacos/palete]],IF(ISNUMBER(_xlpm.p),IF(_Shipments[[#This Row],[Embalagem]]="Big Bag",IF(ISNUMBER(_xlpm.n),_xlpm.p*_xlpm.n,"-"),_xlpm.p),"-")) -> 756.8 | R85: =IF(_Shipments[[#This Row],[Embalagem]]="Big Bag",_Shipments[[#This Row],[Qtd.]],ROUNDUP(_Shipments[[#This Row],[Qtd.]]/_Shipments[[#This Row],[Qtde. sacos/palete]],0)) -> 21 | S85: NATANIEL CICERO DA SILVA | T85: 34999810409 | U85: KFA-6J66 | V85: GXH-5189 | W85: G10 TRANSPORTES S.A
A86: =_xlfn.XLOOKUP(_Shipments[[#This Row],[Shipment]],[1]Report!$G:$G,[1]Report!$B:$B,"-") -> 46275.375 | B86: 7241991 | C86: 5541984191 | D86: 1 | E86: P3845VYHR-B845 | F86: 19 | G86: CORTEVA AGRISCIENCE DO BRASIL LTDA. | H86: UBERLÂNDIA | I86: MG | J86: 19 | K86: 7518200 | L86: 03P7518200 | M86: R3 | N86: =IF(_Shipments[[#This Row],[Embalagem]]="Big Bag",_Shipments[[#This Row],[Qtd.]]*_Shipments[[#This Row],[Qtde. sacos/palete]],_Shipments[[#This Row],[Qtd.]]) -> 760 | O86: =_xlfn.XLOOKUP(_Shipments[[#This Row],[CLN]],[2]Dados!$D:$D,[2]Dados!$R:$R,"-") -> 40 | P86: {=_xlfn.LET(_xlpm.t,_xlfn.XLOOKUP(_Shipments[[#This Row],[CLN]],[2]Dados!$D:$D,[2]Dados!$Q:$Q,"-"),_xlfn.IFS(LEFT(_xlpm.t,3)="PAS","Saco",LEFT(_xlpm.t,3)="PBT","Big Bag",TRUE,"-"))} -> Big Bag | Q86: =_xlfn.LET(_xlpm.p,_xlfn.XLOOKUP(_Shipments[[#This Row],[CLN]],[2]Dados!$D:$D,[2]Dados!$K:$K,"-"),_xlpm.n,_Shipments[[#This Row],[Qtde. sacos/palete]],IF(ISNUMBER(_xlpm.p),IF(_Shipments[[#This Row],[Embalagem]]="Big Bag",IF(ISNUMBER(_xlpm.n),_xlpm.p*_xlpm.n,"-"),_xlpm.p),"-")) -> 666.8 | R86: =IF(_Shipments[[#This Row],[Embalagem]]="Big Bag",_Shipments[[#This Row],[Qtd.]],ROUNDUP(_Shipments[[#This Row],[Qtd.]]/_Shipments[[#This Row],[Qtde. sacos/palete]],0)) -> 19 | S86: JOAO BRAZ DE OLIVEIRA | T86: 34991337791 | U86: GZV-6349 | V86: ONR-6845 | W86: G10 TRANSPORTES S.A
A87: =_xlfn.XLOOKUP(_Shipments[[#This Row],[Shipment]],[1]Report!$G:$G,[1]Report!$B:$B,"-") -> 46275.375 | B87: 7241991 | C87: 5541984191 | D87: 2 | E87: P3845VYHR-B841 | F87: 2 | G87: CORTEVA AGRISCIENCE DO BRASIL LTDA. | H87: UBERLÂNDIA | I87: MG | J87: 2 | K87: 7566370 | L87: 03P7566370 | M87: C2 | N87: =IF(_Shipments[[#This Row],[Embalagem]]="Big Bag",_Shipments[[#This Row],[Qtd.]]*_Shipments[[#This Row],[Qtde. sacos/palete]],_Shipments[[#This Row],[Qtd.]]) -> 80 | O87: =_xlfn.XLOOKUP(_Shipments[[#This Row],[CLN]],[2]Dados!$D:$D,[2]Dados!$R:$R,"-") -> 40 | P87: {=_xlfn.LET(_xlpm.t,_xlfn.XLOOKUP(_Shipments[[#This Row],[CLN]],[2]Dados!$D:$D,[2]Dados!$Q:$Q,"-"),_xlfn.IFS(LEFT(_xlpm.t,3)="PAS","Saco",LEFT(_xlpm.t,3)="PBT","Big Bag",TRUE,"-"))} -> Big Bag | Q87: =_xlfn.LET(_xlpm.p,_xlfn.XLOOKUP(_Shipments[[#This Row],[CLN]],[2]Dados!$D:$D,[2]Dados!$K:$K,"-"),_xlpm.n,_Shipments[[#This Row],[Qtde. sacos/palete]],IF(ISNUMBER(_xlpm.p),IF(_Shipments[[#This Row],[Embalagem]]="Big Bag",IF(ISNUMBER(_xlpm.n),_xlpm.p*_xlpm.n,"-"),_xlpm.p),"-")) -> 707.2 | R87: =IF(_Shipments[[#This Row],[Embalagem]]="Big Bag",_Shipments[[#This Row],[Qtd.]],ROUNDUP(_Shipments[[#This Row],[Qtd.]]/_Shipments[[#This Row],[Qtde. sacos/palete]],0)) -> 2 | S87: JOAO BRAZ DE OLIVEIRA | T87: 34991337791 | U87: GZV-6349 | V87: ONR-6845 | W87: G10 TRANSPORTES S.A
A88: =_xlfn.XLOOKUP(_Shipments[[#This Row],[Shipment]],[1]Report!$G:$G,[1]Report!$B:$B,"-") -> 46276.333 | B88: 7241993 | C88: 5541984192 | D88: 1 | E88: P3845VYHR-B841 | F88: 20 | G88: CORTEVA AGRISCIENCE DO BRASIL LTDA. | H88: UBERLÂNDIA | I88: MG | J88: 20 | K88: 7566370 | L88: 03P7566370 | M88: C2 | N88: =IF(_Shipments[[#This Row],[Embalagem]]="Big Bag",_Shipments[[#This Row],[Qtd.]]*_Shipments[[#This Row],[Qtde. sacos/palete]],_Shipments[[#This Row],[Qtd.]]) -> 800 | O88: =_xlfn.XLOOKUP(_Shipments[[#This Row],[CLN]],[2]Dados!$D:$D,[2]Dados!$R:$R,"-") -> 40 | P88: {=_xlfn.LET(_xlpm.t,_xlfn.XLOOKUP(_Shipments[[#This Row],[CLN]],[2]Dados!$D:$D,[2]Dados!$Q:$Q,"-"),_xlfn.IFS(LEFT(_xlpm.t,3)="PAS","Saco",LEFT(_xlpm.t,3)="PBT","Big Bag",TRUE,"-"))} -> Big Bag | Q88: =_xlfn.LET(_xlpm.p,_xlfn.XLOOKUP(_Shipments[[#This Row],[CLN]],[2]Dados!$D:$D,[2]Dados!$K:$K,"-"),_xlpm.n,_Shipments[[#This Row],[Qtde. sacos/palete]],IF(ISNUMBER(_xlpm.p),IF(_Shipments[[#This Row],[Embalagem]]="Big Bag",IF(ISNUMBER(_xlpm.n),_xlpm.p*_xlpm.n,"-"),_xlpm.p),"-")) -> 707.2 | R88: =IF(_Shipments[[#This Row],[Embalagem]]="Big Bag",_Shipments[[#This Row],[Qtd.]],ROUNDUP(_Shipments[[#This Row],[Qtd.]]/_Shipments[[#This Row],[Qtde. sacos/palete]],0)) -> 20 | S88: ERNANI EUSTAQUIO DE SOUSA | T88: 34991030020 | U88: BCG-7A17 | V88: MSD-4B27 | W88: G10 TRANSPORTES S.A
... A121: =_xlfn.XLOOKUP(_Shipments[[#This Row],[Shipment]],[1]Report!$G:$G,[1]Report!$B:$B,"-") -> 46279.375 | B121: 7242807 | C121: 5541984869 | D121: 1 | E121: P3845VYHR-B841 | F121: 21 | G121: CORTEVA AGRISCIENCE DO BRASIL LTDA. | H121: UBERLÂNDIA | I121: MG | J121: 21 | K121: 7518153 | L121: 03P7518153 | M121: C1 | N121: =IF(_Shipments[[#This Row],[Embalagem]]="Big Bag",_Shipments[[#This Row],[Qtd.]]*_Shipments[[#This Row],[Qtde. sacos/palete]],_Shipments[[#This Row],[Qtd.]]) -> 840 | O121: =_xlfn.XLOOKUP(_Shipments[[#This Row],[CLN]],[2]Dados!$D:$D,[2]Dados!$R:$R,"-") -> 40 | P121: {=_xlfn.LET(_xlpm.t,_xlfn.XLOOKUP(_Shipments[[#This Row],[CLN]],[2]Dados!$D:$D,[2]Dados!$Q:$Q,"-"),_xlfn.IFS(LEFT(_xlpm.t,3)="PAS","Saco",LEFT(_xlpm.t,3)="PBT","Big Bag",TRUE,"-"))} -> Big Bag | Q121: =_xlfn.LET(_xlpm.p,_xlfn.XLOOKUP(_Shipments[[#This Row],[CLN]],[2]Dados!$D:$D,[2]Dados!$K:$K,"-"),_xlpm.n,_Shipments[[#This Row],[Qtde. sacos/palete]],IF(ISNUMBER(_xlpm.p),IF(_Shipments[[#This Row],[Embalagem]]="Big Bag",IF(ISNUMBER(_xlpm.n),_xlpm.p*_xlpm.n,"-"),_xlpm.p),"-")) -> 796.4 | R121: =IF(_Shipments[[#This Row],[Embalagem]]="Big Bag",_Shipments[[#This Row],[Qtd.]],ROUNDUP(_Shipments[[#This Row],[Qtd.]]/_Shipments[[#This Row],[Qtde. sacos/palete]],0)) -> 21 | S121: LINDOMAR MOREIRA DE LIMA | T121: 34991718554 | U121: NFF-7194 | V121: ONC-5436 | W121: G10 TRANSPORTES S.A
A122: =_xlfn.XLOOKUP(_Shipments[[#This Row],[Shipment]],[1]Report!$G:$G,[1]Report!$B:$B,"-") -> 46280.333 | B122: 7242808 | C122: 5541984875 | D122: 1 | E122: P3845VYHR-B841 | F122: 9 | G122: CORTEVA AGRISCIENCE DO BRASIL LTDA. | H122: UBERLÂNDIA | I122: MG | J122: 9 | K122: 7518153 | L122: 03P7518153 | M122: C1 | N122: =IF(_Shipments[[#This Row],[Embalagem]]="Big Bag",_Shipments[[#This Row],[Qtd.]]*_Shipments[[#This Row],[Qtde. sacos/palete]],_Shipments[[#This Row],[Qtd.]]) -> 360 | O122: =_xlfn.XLOOKUP(_Shipments[[#This Row],[CLN]],[2]Dados!$D:$D,[2]Dados!$R:$R,"-") -> 40 | P122: {=_xlfn.LET(_xlpm.t,_xlfn.XLOOKUP(_Shipments[[#This Row],[CLN]],[2]Dados!$D:$D,[2]Dados!$Q:$Q,"-"),_xlfn.IFS(LEFT(_xlpm.t,3)="PAS","Saco",LEFT(_xlpm.t,3)="PBT","Big Bag",TRUE,"-"))} -> Big Bag | Q122: =_xlfn.LET(_xlpm.p,_xlfn.XLOOKUP(_Shipments[[#This Row],[CLN]],[2]Dados!$D:$D,[2]Dados!$K:$K,"-"),_xlpm.n,_Shipments[[#This Row],[Qtde. sacos/palete]],IF(ISNUMBER(_xlpm.p),IF(_Shipments[[#This Row],[Embalagem]]="Big Bag",IF(ISNUMBER(_xlpm.n),_xlpm.p*_xlpm.n,"-"),_xlpm.p),"-")) -> 796.4 | R122: =IF(_Shipments[[#This Row],[Embalagem]]="Big Bag",_Shipments[[#This Row],[Qtd.]],ROUNDUP(_Shipments[[#This Row],[Qtd.]]/_Shipments[[#This Row],[Qtde. sacos/palete]],0)) -> 9 | S122: MAURO FRANCISCO PEREIRA | T122: (34) 9 9916-1847 | U122: NZA-0F96 | V122: SYB-9E72 | W122: G10 TRANSPORTES S.A
A123: =_xlfn.XLOOKUP(_Shipments[[#This Row],[Shipment]],[1]Report!$G:$G,[1]Report!$B:$B,"-") -> 46280.333 | B123: 7242808 | C123: 5541984875 | D123: 2 | E123: P3845VYHR-B841 | F123: 12 | G123: CORTEVA AGRISCIENCE DO BRASIL LTDA. | H123: UBERLÂNDIA | I123: MG | J123: 12 | K123: 7518161 | L123: 03P7518161 | M123: C1 | N123: =IF(_Shipments[[#This Row],[Embalagem]]="Big Bag",_Shipments[[#This Row],[Qtd.]]*_Shipments[[#This Row],[Qtde. sacos/palete]],_Shipments[[#This Row],[Qtd.]]) -> 480 | O123: =_xlfn.XLOOKUP(_Shipments[[#This Row],[CLN]],[2]Dados!$D:$D,[2]Dados!$R:$R,"-") -> 40 | P123: {=_xlfn.LET(_xlpm.t,_xlfn.XLOOKUP(_Shipments[[#This Row],[CLN]],[2]Dados!$D:$D,[2]Dados!$Q:$Q,"-"),_xlfn.IFS(LEFT(_xlpm.t,3)="PAS","Saco",LEFT(_xlpm.t,3)="PBT","Big Bag",TRUE,"-"))} -> Big Bag | Q123: =_xlfn.LET(_xlpm.p,_xlfn.XLOOKUP(_Shipments[[#This Row],[CLN]],[2]Dados!$D:$D,[2]Dados!$K:$K,"-"),_xlpm.n,_Shipments[[#This Row],[Qtde. sacos/palete]],IF(ISNUMBER(_xlpm.p),IF(_Shipments[[#This Row],[Embalagem]]="Big Bag",IF(ISNUMBER(_xlpm.n),_xlpm.p*_xlpm.n,"-"),_xlpm.p),"-")) -> 788 | R123: =IF(_Shipments[[#This Row],[Embalagem]]="Big Bag",_Shipments[[#This Row],[Qtd.]],ROUNDUP(_Shipments[[#This Row],[Qtd.]]/_Shipments[[#This Row],[Qtde. sacos/palete]],0)) -> 12 | S123: MAURO FRANCISCO PEREIRA | T123: (34) 9 9916-1847 | U123: NZA-0F96 | V123: SYB-9E72 | W123: G10 TRANSPORTES S.A
A124: =_xlfn.XLOOKUP(_Shipments[[#This Row],[Shipment]],[1]Report!$G:$G,[1]Report!$B:$B,"-") -> 46280.333 | B124: 7242811 | C124: 5541984876 | D124: 1 | E124: P3845VYHR-B841 | F124: 20 | G124: CORTEVA AGRISCIENCE DO BRASIL LTDA. | H124: UBERLÂNDIA | I124: MG | J124: 20 | K124: 7518161 | L124: 03P7518161 | M124: C1 | N124: =IF(_Shipments[[#This Row],[Embalagem]]="Big Bag",_Shipments[[#This Row],[Qtd.]]*_Shipments[[#This Row],[Qtde. sacos/palete]],_Shipments[[#This Row],[Qtd.]]) -> 800 | O124: =_xlfn.XLOOKUP(_Shipments[[#This Row],[CLN]],[2]Dados!$D:$D,[2]Dados!$R:$R,"-") -> 40 | P124: {=_xlfn.LET(_xlpm.t,_xlfn.XLOOKUP(_Shipments[[#This Row],[CLN]],[2]Dados!$D:$D,[2]Dados!$Q:$Q,"-"),_xlfn.IFS(LEFT(_xlpm.t,3)="PAS","Saco",LEFT(_xlpm.t,3)="PBT","Big Bag",TRUE,"-"))} -> Big Bag | Q124: =_xlfn.LET(_xlpm.p,_xlfn.XLOOKUP(_Shipments[[#This Row],[CLN]],[2]Dados!$D:$D,[2]Dados!$K:$K,"-"),_xlpm.n,_Shipments[[#This Row],[Qtde. sacos/palete]],IF(ISNUMBER(_xlpm.p),IF(_Shipments[[#This Row],[Embalagem]]="Big Bag",IF(ISNUMBER(_xlpm.n),_xlpm.p*_xlpm.n,"-"),_xlpm.p),"-")) -> 788 | R124: =IF(_Shipments[[#This Row],[Embalagem]]="Big Bag",_Shipments[[#This Row],[Qtd.]],ROUNDUP(_Shipments[[#This Row],[Qtd.]]/_Shipments[[#This Row],[Qtde. sacos/palete]],0)) -> 20 | S124: JOSE VALDECIR CORREA | T124: (44) 9 9159-5938 | U124: BCO-0157 | V124: RHR-3J00 | W124: G10 TRANSPORTES S.A
A125: =_xlfn.XLOOKUP(_Shipments[[#This Row],[Shipment]],[1]Report!$G:$G,[1]Report!$B:$B,"-") -> 46280.375 | B125: 7242816 | C125: 5541984880 | D125: 1 | E125: P3845VYHR-B841 | F125: 21 | G125: CORTEVA AGRISCIENCE DO BRASIL LTDA. | H125: UBERLÂNDIA | I125: MG | J125: 21 | K125: 7561729 | L125: 03P7561729 | M125: C2 | N125: =IF(_Shipments[[#This Row],[Embalagem]]="Big Bag",_Shipments[[#This Row],[Qtd.]]*_Shipments[[#This Row],[Qtde. sacos/palete]],_Shipments[[#This Row],[Qtd.]]) -> 840 | O125: =_xlfn.XLOOKUP(_Shipments[[#This Row],[CLN]],[2]Dados!$D:$D,[2]Dados!$R:$R,"-") -> 40 | P125: {=_xlfn.LET(_xlpm.t,_xlfn.XLOOKUP(_Shipments[[#This Row],[CLN]],[2]Dados!$D:$D,[2]Dados!$Q:$Q,"-"),_xlfn.IFS(LEFT(_xlpm.t,3)="PAS","Saco",LEFT(_xlpm.t,3)="PBT","Big Bag",TRUE,"-"))} -> Big Bag | Q125: =_xlfn.LET(_xlpm.p,_xlfn.XLOOKUP(_Shipments[[#This Row],[CLN]],[2]Dados!$D:$D,[2]Dados!$K:$K,"-"),_xlpm.n,_Shipments[[#This Row],[Qtde. sacos/palete]],IF(ISNUMBER(_xlpm.p),IF(_Shipments[[#This Row],[Embalagem]]="Big Bag",IF(ISNUMBER(_xlpm.n),_xlpm.p*_xlpm.n,"-"),_xlpm.p),"-")) -> 698.8 | R125: =IF(_Shipments[[#This Row],[Embalagem]]="Big Bag",_Shipments[[#This Row],[Qtd.]],ROUNDUP(_Shipments[[#This Row],[Qtd.]]/_Shipments[[#This Row],[Qtde. sacos/palete]],0)) -> 21 | S125: JOAO BRAZ DE OLIVEIRA | T125: 34991337791 | U125: GZV-6349 | V125: ONR-6845 | W125: G10 TRANSPORTES S.A
A126: =_xlfn.XLOOKUP(_Shipments[[#This Row],[Shipment]],[1]Report!$G:$G,[1]Report!$B:$B,"-") -> 46280.375 | B126: 7242819 | C126: 5541984881 | D126: 1 | E126: P3845VYHR-B841 | F126: 5 | G126: CORTEVA AGRISCIENCE DO BRASIL LTDA. | H126: UBERLÂNDIA | I126: MG | J126: 5 | K126: 7561729 | L126: 03P7561729 | M126: C2 | N126: =IF(_Shipments[[#This Row],[Embalagem]]="Big Bag",_Shipments[[#This Row],[Qtd.]]*_Shipments[[#This Row],[Qtde. sacos/palete]],_Shipments[[#This Row],[Qtd.]]) -> 200 | O126: =_xlfn.XLOOKUP(_Shipments[[#This Row],[CLN]],[2]Dados!$D:$D,[2]Dados!$R:$R,"-") -> 40 | P126: {=_xlfn.LET(_xlpm.t,_xlfn.XLOOKUP(_Shipments[[#This Row],[CLN]],[2]Dados!$D:$D,[2]Dados!$Q:$Q,"-"),_xlfn.IFS(LEFT(_xlpm.t,3)="PAS","Saco",LEFT(_xlpm.t,3)="PBT","Big Bag",TRUE,"-"))} -> Big Bag | Q126: =_xlfn.LET(_xlpm.p,_xlfn.XLOOKUP(_Shipments[[#This Row],[CLN]],[2]Dados!$D:$D,[2]Dados!$K:$K,"-"),_xlpm.n,_Shipments[[#This Row],[Qtde. sacos/palete]],IF(ISNUMBER(_xlpm.p),IF(_Shipments[[#This Row],[Embalagem]]="Big Bag",IF(ISNUMBER(_xlpm.n),_xlpm.p*_xlpm.n,"-"),_xlpm.p),"-")) -> 698.8 | R126: =IF(_Shipments[[#This Row],[Embalagem]]="Big Bag",_Shipments[[#This Row],[Qtd.]],ROUNDUP(_Shipments[[#This Row],[Qtd.]]/_Shipments[[#This Row],[Qtde. sacos/palete]],0)) -> 5 | S126: NATANIEL CICERO DA SILVA | T126: 34999810409 | U126: KFA-6J66 | V126: GXH-5189 | W126: G10 TRANSPORTES S.A
A127: =_xlfn.XLOOKUP(_Shipments[[#This Row],[Shipment]],[1]Report!$G:$G,[1]Report!$B:$B,"-") -> 46280.375 | B127: 7242819 | C127: 5541984881 | D127: 2 | E127: P3845VYHR-B841 | F127: 16 | G127: CORTEVA AGRISCIENCE DO BRASIL LTDA. | H127: UBERLÂNDIA | I127: MG | J127: 16 | K127: 7518139 | L127: 03P7518139 | M127: C1 | N127: =IF(_Shipments[[#This Row],[Embalagem]]="Big Bag",_Shipments[[#This Row],[Qtd.]]*_Shipments[[#This Row],[Qtde. sacos/palete]],_Shipments[[#This Row],[Qtd.]]) -> 640 | O127: =_xlfn.XLOOKUP(_Shipments[[#This Row],[CLN]],[2]Dados!$D:$D,[2]Dados!$R:$R,"-") -> 40 | P127: {=_xlfn.LET(_xlpm.t,_xlfn.XLOOKUP(_Shipments[[#This Row],[CLN]],[2]Dados!$D:$D,[2]Dados!$Q:$Q,"-"),_xlfn.IFS(LEFT(_xlpm.t,3)="PAS","Saco",LEFT(_xlpm.t,3)="PBT","Big Bag",TRUE,"-"))} -> Big Bag | Q127: =_xlfn.LET(_xlpm.p,_xlfn.XLOOKUP(_Shipments[[#This Row],[CLN]],[2]Dados!$D:$D,[2]Dados!$K:$K,"-"),_xlpm.n,_Shipments[[#This Row],[Qtde. sacos/palete]],IF(ISNUMBER(_xlpm.p),IF(_Shipments[[#This Row],[Embalagem]]="Big Bag",IF(ISNUMBER(_xlpm.n),_xlpm.p*_xlpm.n,"-"),_xlpm.p),"-")) -> 673.6 | R127: =IF(_Shipments[[#This Row],[Embalagem]]="Big Bag",_Shipments[[#This Row],[Qtd.]],ROUNDUP(_Shipments[[#This Row],[Qtd.]]/_Shipments[[#This Row],[Qtde. sacos/palete]],0)) -> 16 | S127: NATANIEL CICERO DA SILVA | T127: 34999810409 | U127: KFA-6J66 | V127: GXH-5189 | W127: G10 TRANSPORTES S.A
A128: =_xlfn.XLOOKUP(_Shipments[[#This Row],[Shipment]],[1]Report!$G:$G,[1]Report!$B:$B,"-") -> 46281.333 | B128: 7242822 | C128: 5541984903 | D128: 1 | E128: P3845VYHR-B841 | F128: 21 | G128: CORTEVA AGRISCIENCE DO BRASIL LTDA. | H128: UBERLÂNDIA | I128: MG | J128: 21 | K128: 7518139 | L128: 03P7518139 | M128: C1 | N128: =IF(_Shipments[[#This Row],[Embalagem]]="Big Bag",_Shipments[[#This Row],[Qtd.]]*_Shipments[[#This Row],[Qtde. sacos/palete]],_Shipments[[#This Row],[Qtd.]]) -> 840 | O128: =_xlfn.XLOOKUP(_Shipments[[#This Row],[CLN]],[2]Dados!$D:$D,[2]Dados!$R:$R,"-") -> 40 | P128: {=_xlfn.LET(_xlpm.t,_xlfn.XLOOKUP(_Shipments[[#This Row],[CLN]],[2]Dados!$D:$D,[2]Dados!$Q:$Q,"-"),_xlfn.IFS(LEFT(_xlpm.t,3)="PAS","Saco",LEFT(_xlpm.t,3)="PBT","Big Bag",TRUE,"-"))} -> Big Bag | Q128: =_xlfn.LET(_xlpm.p,_xlfn.XLOOKUP(_Shipments[[#This Row],[CLN]],[2]Dados!$D:$D,[2]Dados!$K:$K,"-"),_xlpm.n,_Shipments[[#This Row],[Qtde. sacos/palete]],IF(ISNUMBER(_xlpm.p),IF(_Shipments[[#This Row],[Embalagem]]="Big Bag",IF(ISNUMBER(_xlpm.n),_xlpm.p*_xlpm.n,"-"),_xlpm.p),"-")) -> 673.6 | R128: =IF(_Shipments[[#This Row],[Embalagem]]="Big Bag",_Shipments[[#This Row],[Qtd.]],ROUNDUP(_Shipments[[#This Row],[Qtd.]]/_Shipments[[#This Row],[Qtde. sacos/palete]],0)) -> 21 | S128: RODRIGO DOS REIS VIEIRA | T128: 34997330803 | U128: HZM-8D37 | V128: OLF-8C62 | W128: G10 TRANSPORTES S.A
A129: =_xlfn.XLOOKUP(_Shipments[[#This Row],[Shipment]],[1]Report!$G:$G,[1]Report!$B:$B,"-") -> 46281.333 | B129: 7242827 | C129: 5541984905 | D129: 1 | E129: P3845VYHR-B841 | F129: 2 | G129: CORTEVA AGRISCIENCE DO BRASIL LTDA. | H129: UBERLÂNDIA | I129: MG | J129: 2 | K129: 7518139 | L129: 03P7518139 | M129: C1 | N129: =IF(_Shipments[[#This Row],[Embalagem]]="Big Bag",_Shipments[[#This Row],[Qtd.]]*_Shipments[[#This Row],[Qtde. sacos/palete]],_Shipments[[#This Row],[Qtd.]]) -> 80 | O129: =_xlfn.XLOOKUP(_Shipments[[#This Row],[CLN]],[2]Dados!$D:$D,[2]Dados!$R:$R,"-") -> 40 | P129: {=_xlfn.LET(_xlpm.t,_xlfn.XLOOKUP(_Shipments[[#This Row],[CLN]],[2]Dados!$D:$D,[2]Dados!$Q:$Q,"-"),_xlfn.IFS(LEFT(_xlpm.t,3)="PAS","Saco",LEFT(_xlpm.t,3)="PBT","Big Bag",TRUE,"-"))} -> Big Bag | Q129: =_xlfn.LET(_xlpm.p,_xlfn.XLOOKUP(_Shipments[[#This Row],[CLN]],[2]Dados!$D:$D,[2]Dados!$K:$K,"-"),_xlpm.n,_Shipments[[#This Row],[Qtde. sacos/palete]],IF(ISNUMBER(_xlpm.p),IF(_Shipments[[#This Row],[Embalagem]]="Big Bag",IF(ISNUMBER(_xlpm.n),_xlpm.p*_xlpm.n,"-"),_xlpm.p),"-")) -> 673.6 | R129: =IF(_Shipments[[#This Row],[Embalagem]]="Big Bag",_Shipments[[#This Row],[Qtd.]],ROUNDUP(_Shipments[[#This Row],[Qtd.]]/_Shipments[[#This Row],[Qtde. sacos/palete]],0)) -> 2 | S129: ERNANI EUSTAQUIO DE SOUSA | T129: 34991030020 | U129: BCG-7A17 | V129: MSD-4B27 | W129: G10 TRANSPORTES S.A
A130: =_xlfn.XLOOKUP(_Shipments[[#This Row],[Shipment]],[1]Report!$G:$G,[1]Report!$B:$B,"-") -> 46281.333 | B130: 7242827 | C130: 5541984905 | D130: 2 | E130: P3845VYHR-B841 | F130: 8 | G130: CORTEVA AGRISCIENCE DO BRASIL LTDA. | H130: UBERLÂNDIA | I130: MG | J130: 8 | K130: 7518148 | L130: 03P7518148 | M130: C1 | N130: =IF(_Shipments[[#This Row],[Embalagem]]="Big Bag",_Shipments[[#This Row],[Qtd.]]*_Shipments[[#This Row],[Qtde. sacos/palete]],_Shipments[[#This Row],[Qtd.]]) -> 320 | O130: =_xlfn.XLOOKUP(_Shipments[[#This Row],[CLN]],[2]Dados!$D:$D,[2]Dados!$R:$R,"-") -> 40 | P130: {=_xlfn.LET(_xlpm.t,_xlfn.XLOOKUP(_Shipments[[#This Row],[CLN]],[2]Dados!$D:$D,[2]Dados!$Q:$Q,"-"),_xlfn.IFS(LEFT(_xlpm.t,3)="PAS","Saco",LEFT(_xlpm.t,3)="PBT","Big Bag",TRUE,"-"))} -> Big Bag | Q130: =_xlfn.LET(_xlpm.p,_xlfn.XLOOKUP(_Shipments[[#This Row],[CLN]],[2]Dados!$D:$D,[2]Dados!$K:$K,"-"),_xlpm.n,_Shipments[[#This Row],[Qtde. sacos/palete]],IF(ISNUMBER(_xlpm.p),IF(_Shipments[[#This Row],[Embalagem]]="Big Bag",IF(ISNUMBER(_xlpm.n),_xlpm.p*_xlpm.n,"-"),_xlpm.p),"-")) -> 787.6 | R130: =IF(_Shipments[[#This Row],[Embalagem]]="Big Bag",_Shipments[[#This Row],[Qtd.]],ROUNDUP(_Shipments[[#This Row],[Qtd.]]/_Shipments[[#This Row],[Qtde. sacos/palete]],0)) -> 8 | S130: ERNANI EUSTAQUIO DE SOUSA | T130: 34991030020 | U130: BCG-7A17 | V130: MSD-4B27 | W130: G10 TRANSPORTES S.A
A131: =_xlfn.XLOOKUP(_Shipments[[#This Row],[Shipment]],[1]Report!$G:$G,[1]Report!$B:$B,"-") -> 46281.333 | B131: 7242827 | C131: 5541984905 | D131: 3 | E131: P3845VYHR-B841 | F131: 11 | G131: CORTEVA AGRISCIENCE DO BRASIL LTDA. | H131: UBERLÂNDIA | I131: MG | J131: 11 | K131: 7518156 | L131: 03P7518156 | M131: C1 | N131: =IF(_Shipments[[#This Row],[Embalagem]]="Big Bag",_Shipments[[#This Row],[Qtd.]]*_Shipments[[#This Row],[Qtde. sacos/palete]],_Shipments[[#This Row],[Qtd.]]) -> 440 | O131: =_xlfn.XLOOKUP(_Shipments[[#This Row],[CLN]],[2]Dados!$D:$D,[2]Dados!$R:$R,"-") -> 40 | P131: {=_xlfn.LET(_xlpm.t,_xlfn.XLOOKUP(_Shipments[[#This Row],[CLN]],[2]Dados!$D:$D,[2]Dados!$Q:$Q,"-"),_xlfn.IFS(LEFT(_xlpm.t,3)="PAS","Saco",LEFT(_xlpm.t,3)="PBT","Big Bag",TRUE,"-"))} -> Big Bag | Q131: =_xlfn.LET(_xlpm.p,_xlfn.XLOOKUP(_Shipments[[#This Row],[CLN]],[2]Dados!$D:$D,[2]Dados!$K:$K,"-"),_xlpm.n,_Shipments[[#This Row],[Qtde. sacos/palete]],IF(ISNUMBER(_xlpm.p),IF(_Shipments[[#This Row],[Embalagem]]="Big Bag",IF(ISNUMBER(_xlpm.n),_xlpm.p*_xlpm.n,"-"),_xlpm.p),"-")) -> 789.6 | R131: =IF(_Shipments[[#This Row],[Embalagem]]="Big Bag",_Shipments[[#This Row],[Qtd.]],ROUNDUP(_Shipments[[#This Row],[Qtd.]]/_Shipments[[#This Row],[Qtde. sacos/palete]],0)) -> 11 | S131: ERNANI EUSTAQUIO DE SOUSA | T131: 34991030020 | U131: BCG-7A17 | V131: MSD-4B27 | W131: G10 TRANSPORTES S.A
A132: =_xlfn.XLOOKUP(_Shipments[[#This Row],[Shipment]],[1]Report!$G:$G,[1]Report!$B:$B,"-") -> 46281.375 | B132: 7242830 | C132: 5541984913 | D132: 1 | E132: P3845VYHR-B841 | F132: 21 | G132: CORTEVA AGRISCIENCE DO BRASIL LTDA. | H132: UBERLÂNDIA | I132: MG | J132: 21 | K132: 7518148 | L132: 03P7518148 | M132: C1 | N132: =IF(_Shipments[[#This Row],[Embalagem]]="Big Bag",_Shipments[[#This Row],[Qtd.]]*_Shipments[[#This Row],[Qtde. sacos/palete]],_Shipments[[#This Row],[Qtd.]]) -> 840 | O132: =_xlfn.XLOOKUP(_Shipments[[#This Row],[CLN]],[2]Dados!$D:$D,[2]Dados!$R:$R,"-") -> 40 | P132: {=_xlfn.LET(_xlpm.t,_xlfn.XLOOKUP(_Shipments[[#This Row],[CLN]],[2]Dados!$D:$D,[2]Dados!$Q:$Q,"-"),_xlfn.IFS(LEFT(_xlpm.t,3)="PAS","Saco",LEFT(_xlpm.t,3)="PBT","Big Bag",TRUE,"-"))} -> Big Bag | Q132: =_xlfn.LET(_xlpm.p,_xlfn.XLOOKUP(_Shipments[[#This Row],[CLN]],[2]Dados!$D:$D,[2]Dados!$K:$K,"-"),_xlpm.n,_Shipments[[#This Row],[Qtde. sacos/palete]],IF(ISNUMBER(_xlpm.p),IF(_Shipments[[#This Row],[Embalagem]]="Big Bag",IF(ISNUMBER(_xlpm.n),_xlpm.p*_xlpm.n,"-"),_xlpm.p),"-")) -> 787.6 | R132: =IF(_Shipments[[#This Row],[Embalagem]]="Big Bag",_Shipments[[#This Row],[Qtd.]],ROUNDUP(_Shipments[[#This Row],[Qtd.]]/_Shipments[[#This Row],[Qtde. sacos/palete]],0)) -> 21 | S132: DANIEL HENRIQUE DE SOUSA | T132: 34996968579 | U132: JDP-0H00 | V132: QNE-8537 | W132: G10 TRANSPORTES S.A
A133: =_xlfn.XLOOKUP(_Shipments[[#This Row],[Shipment]],[1]Report!$G:$G,[1]Report!$B:$B,"-") -> 46281.375 | B133: 7242833 | C133: 5541984915 | D133: 1 | E133: P3845VYHR-B841 | F133: 20 | G133: CORTEVA AGRISCIENCE DO BRASIL LTDA. | H133: UBERLÂNDIA | I133: MG | J133: 20 | K133: 7518156 | L133: 03P7518156 | M133: C1 | N133: =IF(_Shipments[[#This Row],[Embalagem]]="Big Bag",_Shipments[[#This Row],[Qtd.]]*_Shipments[[#This Row],[Qtde. sacos/palete]],_Shipments[[#This Row],[Qtd.]]) -> 800 | O133: =_xlfn.XLOOKUP(_Shipments[[#This Row],[CLN]],[2]Dados!$D:$D,[2]Dados!$R:$R,"-") -> 40 | P133: {=_xlfn.LET(_xlpm.t,_xlfn.XLOOKUP(_Shipments[[#This Row],[CLN]],[2]Dados!$D:$D,[2]Dados!$Q:$Q,"-"),_xlfn.IFS(LEFT(_xlpm.t,3)="PAS","Saco",LEFT(_xlpm.t,3)="PBT","Big Bag",TRUE,"-"))} -> Big Bag | Q133: =_xlfn.LET(_xlpm.p,_xlfn.XLOOKUP(_Shipments[[#This Row],[CLN]],[2]Dados!$D:$D,[2]Dados!$K:$K,"-"),_xlpm.n,_Shipments[[#This Row],[Qtde. sacos/palete]],IF(ISNUMBER(_xlpm.p),IF(_Shipments[[#This Row],[Embalagem]]="Big Bag",IF(ISNUMBER(_xlpm.n),_xlpm.p*_xlpm.n,"-"),_xlpm.p),"-")) -> 789.6 | R133: =IF(_Shipments[[#This Row],[Embalagem]]="Big Bag",_Shipments[[#This Row],[Qtd.]],ROUNDUP(_Shipments[[#This Row],[Qtd.]]/_Shipments[[#This Row],[Qtde. sacos/palete]],0)) -> 20 | S133: RODRIGO DOS REIS VIEIRA | T133: 34997330803 | U133: HZM-8D37 | V133: OLF-8C62 | W133: G10 TRANSPORTES S.A
A134: =_xlfn.XLOOKUP(_Shipments[[#This Row],[Shipment]],[1]Report!$G:$G,[1]Report!$B:$B,"-") -> 46282.333 | B134: 7242836 | C134: 5541984917 | D134: 1 | E134: P3845VYHR-B845 | F134: 21 | G134: CORTEVA AGRISCIENCE DO BRASIL LTDA. | H134: UBERLÂNDIA | I134: MG | J134: 21 | K134: 7518204 | L134: 03P7518204 | M134: R3 | N134: =IF(_Shipments[[#This Row],[Embalagem]]="Big Bag",_Shipments[[#This Row],[Qtd.]]*_Shipments[[#This Row],[Qtde. sacos/palete]],_Shipments[[#This Row],[Qtd.]]) -> 840 | O134: =_xlfn.XLOOKUP(_Shipments[[#This Row],[CLN]],[2]Dados!$D:$D,[2]Dados!$R:$R,"-") -> 40 | P134: {=_xlfn.LET(_xlpm.t,_xlfn.XLOOKUP(_Shipments[[#This Row],[CLN]],[2]Dados!$D:$D,[2]Dados!$Q:$Q,"-"),_xlfn.IFS(LEFT(_xlpm.t,3)="PAS","Saco",LEFT(_xlpm.t,3)="PBT","Big Bag",TRUE,"-"))} -> Big Bag | Q134: =_xlfn.LET(_xlpm.p,_xlfn.XLOOKUP(_Shipments[[#This Row],[CLN]],[2]Dados!$D:$D,[2]Dados!$K:$K,"-"),_xlpm.n,_Shipments[[#This Row],[Qtde. sacos/palete]],IF(ISNUMBER(_xlpm.p),IF(_Shipments[[#This Row],[Embalagem]]="Big Bag",IF(ISNUMBER(_xlpm.n),_xlpm.p*_xlpm.n,"-"),_xlpm.p),"-")) -> 667.6 | R134: =IF(_Shipments[[#This Row],[Embalagem]]="Big Bag",_Shipments[[#This Row],[Qtd.]],ROUNDUP(_Shipments[[#This Row],[Qtd.]]/_Shipments[[#This Row],[Qtde. sacos/palete]],0)) -> 21 | S134: JULIO CESAR DE OLIVEIRA | T134: 34999248710 | U134: AZN-6580 | V134: ORA-1733 | W134: G10 TRANSPORTES S.A
A135: =_xlfn.XLOOKUP(_Shipments[[#This Row],[Shipment]],[1]Report!$G:$G,[1]Report!$B:$B,"-") -> 46282.333 | B135: 7242839 | C135: 5541984920 | D135: 1 | E135: P3845VYHR-B845 | F135: 11 | G135: CORTEVA AGRISCIENCE DO BRASIL LTDA. | H135: UBERLÂNDIA | I135: MG | J135: 11 | K135: 7518204 | L135: 03P7518204 | M135: R3 | N135: =IF(_Shipments[[#This Row],[Embalagem]]="Big Bag",_Shipments[[#This Row],[Qtd.]]*_Shipments[[#This Row],[Qtde. sacos/palete]],_Shipments[[#This Row],[Qtd.]]) -> 440 | O135: =_xlfn.XLOOKUP(_Shipments[[#This Row],[CLN]],[2]Dados!$D:$D,[2]Dados!$R:$R,"-") -> 40 | P135: {=_xlfn.LET(_xlpm.t,_xlfn.XLOOKUP(_Shipments[[#This Row],[CLN]],[2]Dados!$D:$D,[2]Dados!$Q:$Q,"-"),_xlfn.IFS(LEFT(_xlpm.t,3)="PAS","Saco",LEFT(_xlpm.t,3)="PBT","Big Bag",TRUE,"-"))} -> Big Bag | Q135: =_xlfn.LET(_xlpm.p,_xlfn.XLOOKUP(_Shipments[[#This Row],[CLN]],[2]Dados!$D:$D,[2]Dados!$K:$K,"-"),_xlpm.n,_Shipments[[#This Row],[Qtde. sacos/palete]],IF(ISNUMBER(_xlpm.p),IF(_Shipments[[#This Row],[Embalagem]]="Big Bag",IF(ISNUMBER(_xlpm.n),_xlpm.p*_xlpm.n,"-"),_xlpm.p),"-")) -> 667.6 | R135: =IF(_Shipments[[#This Row],[Embalagem]]="Big Bag",_Shipments[[#This Row],[Qtd.]],ROUNDUP(_Shipments[[#This Row],[Qtd.]]/_Shipments[[#This Row],[Qtde. sacos/palete]],0)) -> 11 | S135: ERNANI EUSTAQUIO DE SOUSA | T135: 34991030020 | U135: BCG-7A17 | V135: MSD-4B27 | W135: G10 TRANSPORTES S.A
A136: =_xlfn.XLOOKUP(_Shipments[[#This Row],[Shipment]],[1]Report!$G:$G,[1]Report!$B:$B,"-") -> 46282.333 | B136: 7242839 | C136: 5541984920 | D136: 2 | E136: P3845VYHR-B841 | F136: 9 | G136: CORTEVA AGRISCIENCE DO BRASIL LTDA. | H136: UBERLÂNDIA | I136: MG | J136: 9 | K136: 7566372 | L136: 03P7566372 | M136: C2 | N136: =IF(_Shipments[[#This Row],[Embalagem]]="Big Bag",_Shipments[[#This Row],[Qtd.]]*_Shipments[[#This Row],[Qtde. sacos/palete]],_Shipments[[#This Row],[Qtd.]]) -> 360 | O136: =_xlfn.XLOOKUP(_Shipments[[#This Row],[CLN]],[2]Dados!$D:$D,[2]Dados!$R:$R,"-") -> 40 | P136: {=_xlfn.LET(_xlpm.t,_xlfn.XLOOKUP(_Shipments[[#This Row],[CLN]],[2]Dados!$D:$D,[2]Dados!$Q:$Q,"-"),_xlfn.IFS(LEFT(_xlpm.t,3)="PAS","Saco",LEFT(_xlpm.t,3)="PBT","Big Bag",TRUE,"-"))} -> Big Bag | Q136: =_xlfn.LET(_xlpm.p,_xlfn.XLOOKUP(_Shipments[[#This Row],[CLN]],[2]Dados!$D:$D,[2]Dados!$K:$K,"-"),_xlpm.n,_Shipments[[#This Row],[Qtde. sacos/palete]],IF(ISNUMBER(_xlpm.p),IF(_Shipments[[#This Row],[Embalagem]]="Big Bag",IF(ISNUMBER(_xlpm.n),_xlpm.p*_xlpm.n,"-"),_xlpm.p),"-")) -> 690.8 | R136: =IF(_Shipments[[#This Row],[Embalagem]]="Big Bag",_Shipments[[#This Row],[Qtd.]],ROUNDUP(_Shipments[[#This Row],[Qtd.]]/_Shipments[[#This Row],[Qtde. sacos/palete]],0)) -> 9 | S136: ERNANI EUSTAQUIO DE SOUSA | T136: 34991030020 | U136: BCG-7A17 | V136: MSD-4B27 | W136: G10 TRANSPORTES S.A
A137: =_xlfn.XLOOKUP(_Shipments[[#This Row],[Shipment]],[1]Report!$G:$G,[1]Report!$B:$B,"-") -> 46282.375 | B137: 7242843 | C137: 5541984922 | D137: 1 | E137: P3845VYHR-B841 | F137: 20 | G137: CORTEVA AGRISCIENCE DO BRASIL LTDA. | H137: UBERLÂNDIA | I137: MG | J137: 20 | K137: 7566372 | L137: 03P7566372 | M137: C2 | N137: =IF(_Shipments[[#This Row],[Embalagem]]="Big Bag",_Shipments[[#This Row],[Qtd.]]*_Shipments[[#This Row],[Qtde. sacos/palete]],_Shipments[[#This Row],[Qtd.]]) -> 800 | O137: =_xlfn.XLOOKUP(_Shipments[[#This Row],[CLN]],[2]Dados!$D:$D,[2]Dados!$R:$R,"-") -> 40 | P137: {=_xlfn.LET(_xlpm.t,_xlfn.XLOOKUP(_Shipments[[#This Row],[CLN]],[2]Dados!$D:$D,[2]Dados!$Q:$Q,"-"),_xlfn.IFS(LEFT(_xlpm.t,3)="PAS","Saco",LEFT(_xlpm.t,3)="PBT","Big Bag",TRUE,"-"))} -> Big Bag | Q137: =_xlfn.LET(_xlpm.p,_xlfn.XLOOKUP(_Shipments[[#This Row],[CLN]],[2]Dados!$D:$D,[2]Dados!$K:$K,"-"),_xlpm.n,_Shipments[[#This Row],[Qtde. sacos/palete]],IF(ISNUMBER(_xlpm.p),IF(_Shipments[[#This Row],[Embalagem]]="Big Bag",IF(ISNUMBER(_xlpm.n),_xlpm.p*_xlpm.n,"-"),_xlpm.p),"-")) -> 690.8 | R137: =IF(_Shipments[[#This Row],[Embalagem]]="Big Bag",_Shipments[[#This Row],[Qtd.]],ROUNDUP(_Shipments[[#This Row],[Qtd.]]/_Shipments[[#This Row],[Qtde. sacos/palete]],0)) -> 20 | S137: JOAO BRAZ DE OLIVEIRA | T137: 34991337791 | U137: GZV-6349 | V137: ONR-6845 | W137: G10 TRANSPORTES S.A
A138: =_xlfn.XLOOKUP(_Shipments[[#This Row],[Shipment]],[1]Report!$G:$G,[1]Report!$B:$B,"-") -> 46282.375 | B138: 7242844 | C138: 5541984923 | D138: 1 | E138: P3845VYHR-B844 | F138: 21 | G138: CORTEVA AGRISCIENCE DO BRASIL LTDA. | H138: UBERLÂNDIA | I138: MG | J138: 21 | K138: 7518221 | L138: 03P7518221 | M138: R2 | N138: =IF(_Shipments[[#This Row],[Embalagem]]="Big Bag",_Shipments[[#This Row],[Qtd.]]*_Shipments[[#This Row],[Qtde. sacos/palete]],_Shipments[[#This Row],[Qtd.]]) -> 840 | O138: =_xlfn.XLOOKUP(_Shipments[[#This Row],[CLN]],[2]Dados!$D:$D,[2]Dados!$R:$R,"-") -> 40 | P138: {=_xlfn.LET(_xlpm.t,_xlfn.XLOOKUP(_Shipments[[#This Row],[CLN]],[2]Dados!$D:$D,[2]Dados!$Q:$Q,"-"),_xlfn.IFS(LEFT(_xlpm.t,3)="PAS","Saco",LEFT(_xlpm.t,3)="PBT","Big Bag",TRUE,"-"))} -> Big Bag | Q138: =_xlfn.LET(_xlpm.p,_xlfn.XLOOKUP(_Shipments[[#This Row],[CLN]],[2]Dados!$D:$D,[2]Dados!$K:$K,"-"),_xlpm.n,_Shipments[[#This Row],[Qtde. sacos/palete]],IF(ISNUMBER(_xlpm.p),IF(_Shipments[[#This Row],[Embalagem]]="Big Bag",IF(ISNUMBER(_xlpm.n),_xlpm.p*_xlpm.n,"-"),_xlpm.p),"-")) -> 762 | R138: =IF(_Shipments[[#This Row],[Embalagem]]="Big Bag",_Shipments[[#This Row],[Qtd.]],ROUNDUP(_Shipments[[#This Row],[Qtd.]]/_Shipments[[#This Row],[Qtde. sacos/palete]],0)) -> 21 | S138: DANIEL HENRIQUE DE SOUSA | T138: 34996968579 | U138: JDP-0H00 | V138: QNE-8537 | W138: G10 TRANSPORTES S.A
A139: =_xlfn.XLOOKUP(_Shipments[[#This Row],[Shipment]],[1]Report!$G:$G,[1]Report!$B:$B,"-") -> 46283.333 | B139: 7242847 | C139: 5541984925 | D139: 1 | E139: P3845VYHR-B844 | F139: 1 | G139: CORTEVA AGRISCIENCE DO BRASIL LTDA. | H139: UBERLÂNDIA | I139: MG | J139: 1 | K139: 7518221 | L139: 03P7518221 | M139: R2 | N139: =IF(_Shipments[[#This Row],[Embalagem]]="Big Bag",_Shipments[[#This Row],[Qtd.]]*_Shipments[[#This Row],[Qtde. sacos/palete]],_Shipments[[#This Row],[Qtd.]]) -> 40 | O139: =_xlfn.XLOOKUP(_Shipments[[#This Row],[CLN]],[2]Dados!$D:$D,[2]Dados!$R:$R,"-") -> 40 | P139: {=_xlfn.LET(_xlpm.t,_xlfn.XLOOKUP(_Shipments[[#This Row],[CLN]],[2]Dados!$D:$D,[2]Dados!$Q:$Q,"-"),_xlfn.IFS(LEFT(_xlpm.t,3)="PAS","Saco",LEFT(_xlpm.t,3)="PBT","Big Bag",TRUE,"-"))} -> Big Bag | Q139: =_xlfn.LET(_xlpm.p,_xlfn.XLOOKUP(_Shipments[[#This Row],[CLN]],[2]Dados!$D:$D,[2]Dados!$K:$K,"-"),_xlpm.n,_Shipments[[#This Row],[Qtde. sacos/palete]],IF(ISNUMBER(_xlpm.p),IF(_Shipments[[#This Row],[Embalagem]]="Big Bag",IF(ISNUMBER(_xlpm.n),_xlpm.p*_xlpm.n,"-"),_xlpm.p),"-")) -> 762 | R139: =IF(_Shipments[[#This Row],[Embalagem]]="Big Bag",_Shipments[[#This Row],[Qtd.]],ROUNDUP(_Shipments[[#This Row],[Qtd.]]/_Shipments[[#This Row],[Qtde. sacos/palete]],0)) -> 1 | S139: ERNANI EUSTAQUIO DE SOUSA | T139: 34991030020 | U139: BCG-7A17 | V139: MSD-4B27 | W139: G10 TRANSPORTES S.A
A140: =_xlfn.XLOOKUP(_Shipments[[#This Row],[Shipment]],[1]Report!$G:$G,[1]Report!$B:$B,"-") -> 46283.333 | B140: 7242847 | C140: 5541984925 | D140: 2 | E140: P3845VYHR-B841 | F140: 20 | G140: CORTEVA AGRISCIENCE DO BRASIL LTDA. | H140: UBERLÂNDIA | I140: MG | J140: 20 | K140: 7566369 | L140: 03P7566369 | M140: C2 | N140: =IF(_Shipments[[#This Row],[Embalagem]]="Big Bag",_Shipments[[#This Row],[Qtd.]]*_Shipments[[#This Row],[Qtde. sacos/palete]],_Shipments[[#This Row],[Qtd.]]) -> 800 | O140: =_xlfn.XLOOKUP(_Shipments[[#This Row],[CLN]],[2]Dados!$D:$D,[2]Dados!$R:$R,"-") -> 40 | P140: {=_xlfn.LET(_xlpm.t,_xlfn.XLOOKUP(_Shipments[[#This Row],[CLN]],[2]Dados!$D:$D,[2]Dados!$Q:$Q,"-"),_xlfn.IFS(LEFT(_xlpm.t,3)="PAS","Saco",LEFT(_xlpm.t,3)="PBT","Big Bag",TRUE,"-"))} -> Big Bag | Q140: =_xlfn.LET(_xlpm.p,_xlfn.XLOOKUP(_Shipments[[#This Row],[CLN]],[2]Dados!$D:$D,[2]Dados!$K:$K,"-"),_xlpm.n,_Shipments[[#This Row],[Qtde. sacos/palete]],IF(ISNUMBER(_xlpm.p),IF(_Shipments[[#This Row],[Embalagem]]="Big Bag",IF(ISNUMBER(_xlpm.n),_xlpm.p*_xlpm.n,"-"),_xlpm.p),"-")) -> 707.2 | R140: =IF(_Shipments[[#This Row],[Embalagem]]="Big Bag",_Shipments[[#This Row],[Qtd.]],ROUNDUP(_Shipments[[#This Row],[Qtd.]]/_Shipments[[#This Row],[Qtde. sacos/palete]],0)) -> 20 | S140: ERNANI EUSTAQUIO DE SOUSA | T140: 34991030020 | U140: BCG-7A17 | V140: MSD-4B27 | W140: G10 TRANSPORTES S.A
A141: =_xlfn.XLOOKUP(_Shipments[[#This Row],[Shipment]],[1]Report!$G:$G,[1]Report!$B:$B,"-") -> 46283.333 | B141: 7242848 | C141: 5541984927 | D141: 1 | E141: P3845VYHR-B841 | F141: 6 | G141: CORTEVA AGRISCIENCE DO BRASIL LTDA. | H141: UBERLÂNDIA | I141: MG | J141: 6 | K141: 7566369 | L141: 03P7566369 | M141: C2 | N141: =IF(_Shipments[[#This Row],[Embalagem]]="Big Bag",_Shipments[[#This Row],[Qtd.]]*_Shipments[[#This Row],[Qtde. sacos/palete]],_Shipments[[#This Row],[Qtd.]]) -> 240 | O141: =_xlfn.XLOOKUP(_Shipments[[#This Row],[CLN]],[2]Dados!$D:$D,[2]Dados!$R:$R,"-") -> 40 | P141: {=_xlfn.LET(_xlpm.t,_xlfn.XLOOKUP(_Shipments[[#This Row],[CLN]],[2]Dados!$D:$D,[2]Dados!$Q:$Q,"-"),_xlfn.IFS(LEFT(_xlpm.t,3)="PAS","Saco",LEFT(_xlpm.t,3)="PBT","Big Bag",TRUE,"-"))} -> Big Bag | Q141: =_xlfn.LET(_xlpm.p,_xlfn.XLOOKUP(_Shipments[[#This Row],[CLN]],[2]Dados!$D:$D,[2]Dados!$K:$K,"-"),_xlpm.n,_Shipments[[#This Row],[Qtde. sacos/palete]],IF(ISNUMBER(_xlpm.p),IF(_Shipments[[#This Row],[Embalagem]]="Big Bag",IF(ISNUMBER(_xlpm.n),_xlpm.p*_xlpm.n,"-"),_xlpm.p),"-")) -> 707.2 | R141: =IF(_Shipments[[#This Row],[Embalagem]]="Big Bag",_Shipments[[#This Row],[Qtd.]],ROUNDUP(_Shipments[[#This Row],[Qtd.]]/_Shipments[[#This Row],[Qtde. sacos/palete]],0)) -> 6 | S141: NATANIEL CICERO DA SILVA | T141: 34999810409 | U141: KFA-6J66 | V141: GXH-5189 | W141: G10 TRANSPORTES S.A
A142: =_xlfn.XLOOKUP(_Shipments[[#This Row],[Shipment]],[1]Report!$G:$G,[1]Report!$B:$B,"-") -> 46283.333 | B142: 7242848 | C142: 5541984927 | D142: 2 | E142: P3845VYHR-B841 | F142: 15 | G142: CORTEVA AGRISCIENCE DO BRASIL LTDA. | H142: UBERLÂNDIA | I142: MG | J142: 15 | K142: 7566371 | L142: 03P7566371 | M142: C2 | N142: =IF(_Shipments[[#This Row],[Embalagem]]="Big Bag",_Shipments[[#This Row],[Qtd.]]*_Shipments[[#This Row],[Qtde. sacos/palete]],_Shipments[[#This Row],[Qtd.]]) -> 600 | O142: =_xlfn.XLOOKUP(_Shipments[[#This Row],[CLN]],[2]Dados!$D:$D,[2]Dados!$R:$R,"-") -> 40 | P142: {=_xlfn.LET(_xlpm.t,_xlfn.XLOOKUP(_Shipments[[#This Row],[CLN]],[2]Dados!$D:$D,[2]Dados!$Q:$Q,"-"),_xlfn.IFS(LEFT(_xlpm.t,3)="PAS","Saco",LEFT(_xlpm.t,3)="PBT","Big Bag",TRUE,"-"))} -> Big Bag | Q142: =_xlfn.LET(_xlpm.p,_xlfn.XLOOKUP(_Shipments[[#This Row],[CLN]],[2]Dados!$D:$D,[2]Dados!$K:$K,"-"),_xlpm.n,_Shipments[[#This Row],[Qtde. sacos/palete]],IF(ISNUMBER(_xlpm.p),IF(_Shipments[[#This Row],[Embalagem]]="Big Bag",IF(ISNUMBER(_xlpm.n),_xlpm.p*_xlpm.n,"-"),_xlpm.p),"-")) -> 700.8 | R142: =IF(_Shipments[[#This Row],[Embalagem]]="Big Bag",_Shipments[[#This Row],[Qtd.]],ROUNDUP(_Shipments[[#This Row],[Qtd.]]/_Shipments[[#This Row],[Qtde. sacos/palete]],0)) -> 15 | S142: NATANIEL CICERO DA SILVA | T142: 34999810409 | U142: KFA-6J66 | V142: GXH-5189 | W142: G10 TRANSPORTES S.A
A143: =_xlfn.XLOOKUP(_Shipments[[#This Row],[Shipment]],[1]Report!$G:$G,[1]Report!$B:$B,"-") -> 46283.375 | B143: 7242850 | C143: 5541984928 | D143: 1 | E143: P3845VYHR-B841 | F143: 9 | G143: CORTEVA AGRISCIENCE DO BRASIL LTDA. | H143: UBERLÂNDIA | I143: MG | J143: 9 | K143: 7566371 | L143: 03P7566371 | M143: C2 | N143: =IF(_Shipments[[#This Row],[Embalagem]]="Big Bag",_Shipments[[#This Row],[Qtd.]]*_Shipments[[#This Row],[Qtde. sacos/palete]],_Shipments[[#This Row],[Qtd.]]) -> 360 | O143: =_xlfn.XLOOKUP(_Shipments[[#This Row],[CLN]],[2]Dados!$D:$D,[2]Dados!$R:$R,"-") -> 40 | P143: {=_xlfn.LET(_xlpm.t,_xlfn.XLOOKUP(_Shipments[[#This Row],[CLN]],[2]Dados!$D:$D,[2]Dados!$Q:$Q,"-"),_xlfn.IFS(LEFT(_xlpm.t,3)="PAS","Saco",LEFT(_xlpm.t,3)="PBT","Big Bag",TRUE,"-"))} -> Big Bag | Q143: =_xlfn.LET(_xlpm.p,_xlfn.XLOOKUP(_Shipments[[#This Row],[CLN]],[2]Dados!$D:$D,[2]Dados!$K:$K,"-"),_xlpm.n,_Shipments[[#This Row],[Qtde. sacos/palete]],IF(ISNUMBER(_xlpm.p),IF(_Shipments[[#This Row],[Embalagem]]="Big Bag",IF(ISNUMBER(_xlpm.n),_xlpm.p*_xlpm.n,"-"),_xlpm.p),"-")) -> 700.8 | R143: =IF(_Shipments[[#This Row],[Embalagem]]="Big Bag",_Shipments[[#This Row],[Qtd.]],ROUNDUP(_Shipments[[#This Row],[Qtd.]]/_Shipments[[#This Row],[Qtde. sacos/palete]],0)) -> 9 | S143: MAURINO DA SILVA CUSTODIO | T143: 44999250098 | U143: AWF-9A13 | V143: SFH-0I25 | W143: G10 TRANSPORTES S.A
A144: =_xlfn.XLOOKUP(_Shipments[[#This Row],[Shipment]],[1]Report!$G:$G,[1]Report!$B:$B,"-") -> 46283.375 | B144: 7242850 | C144: 5541984928 | D144: 2 | E144: P3845VYHR-B841 | F144: 12 | G144: CORTEVA AGRISCIENCE DO BRASIL LTDA. | H144: UBERLÂNDIA | I144: MG | J144: 12 | K144: 7566373 | L144: 03P7566373 | M144: C2 | N144: =IF(_Shipments[[#This Row],[Embalagem]]="Big Bag",_Shipments[[#This Row],[Qtd.]]*_Shipments[[#This Row],[Qtde. sacos/palete]],_Shipments[[#This Row],[Qtd.]]) -> 480 | O144: =_xlfn.XLOOKUP(_Shipments[[#This Row],[CLN]],[2]Dados!$D:$D,[2]Dados!$R:$R,"-") -> 40 | P144: {=_xlfn.LET(_xlpm.t,_xlfn.XLOOKUP(_Shipments[[#This Row],[CLN]],[2]Dados!$D:$D,[2]Dados!$Q:$Q,"-"),_xlfn.IFS(LEFT(_xlpm.t,3)="PAS","Saco",LEFT(_xlpm.t,3)="PBT","Big Bag",TRUE,"-"))} -> Big Bag | Q144: =_xlfn.LET(_xlpm.p,_xlfn.XLOOKUP(_Shipments[[#This Row],[CLN]],[2]Dados!$D:$D,[2]Dados!$K:$K,"-"),_xlpm.n,_Shipments[[#This Row],[Qtde. sacos/palete]],IF(ISNUMBER(_xlpm.p),IF(_Shipments[[#This Row],[Embalagem]]="Big Bag",IF(ISNUMBER(_xlpm.n),_xlpm.p*_xlpm.n,"-"),_xlpm.p),"-")) -> 700.4 | R144: =IF(_Shipments[[#This Row],[Embalagem]]="Big Bag",_Shipments[[#This Row],[Qtd.]],ROUNDUP(_Shipments[[#This Row],[Qtd.]]/_Shipments[[#This Row],[Qtde. sacos/palete]],0)) -> 12 | S144: MAURINO DA SILVA CUSTODIO | T144: 44999250098 | U144: AWF-9A13 | V144: SFH-0I25 | W144: G10 TRANSPORTES S.A
... A188: =_xlfn.XLOOKUP(_Shipments[[#This Row],[Shipment]],[1]Report!$G:$G,[1]Report!$B:$B,"-") -> 46295.375 | B188: 7248679 | C188: 5541989628 | D188: 1 | E188: P3889R-B832 | F188: 21 | G188: CORTEVA AGRISCIENCE DO BRASIL LTDA. | H188: UBERLÂNDIA | I188: MG | J188: 21 | K188: 7600780 | L188: 03P7600780 | M188: C3 | N188: =IF(_Shipments[[#This Row],[Embalagem]]="Big Bag",_Shipments[[#This Row],[Qtd.]]*_Shipments[[#This Row],[Qtde. sacos/palete]],_Shipments[[#This Row],[Qtd.]]) -> 1050 | O188: =_xlfn.XLOOKUP(_Shipments[[#This Row],[CLN]],[2]Dados!$D:$D,[2]Dados!$R:$R,"-") -> 50 | P188: {=_xlfn.LET(_xlpm.t,_xlfn.XLOOKUP(_Shipments[[#This Row],[CLN]],[2]Dados!$D:$D,[2]Dados!$Q:$Q,"-"),_xlfn.IFS(LEFT(_xlpm.t,3)="PAS","Saco",LEFT(_xlpm.t,3)="PBT","Big Bag",TRUE,"-"))} -> Big Bag | Q188: =_xlfn.LET(_xlpm.p,_xlfn.XLOOKUP(_Shipments[[#This Row],[CLN]],[2]Dados!$D:$D,[2]Dados!$K:$K,"-"),_xlpm.n,_Shipments[[#This Row],[Qtde. sacos/palete]],IF(ISNUMBER(_xlpm.p),IF(_Shipments[[#This Row],[Embalagem]]="Big Bag",IF(ISNUMBER(_xlpm.n),_xlpm.p*_xlpm.n,"-"),_xlpm.p),"-")) -> 676.5 | R188: =IF(_Shipments[[#This Row],[Embalagem]]="Big Bag",_Shipments[[#This Row],[Qtd.]],ROUNDUP(_Shipments[[#This Row],[Qtd.]]/_Shipments[[#This Row],[Qtde. sacos/palete]],0)) -> 21 | S188: NATANIEL CICERO DA SILVA | T188: 34999810409 | U188: KFA-6J66 | V188: GXH-5189 | W188: G10 TRANSPORTES S.A
A189: =_xlfn.XLOOKUP(_Shipments[[#This Row],[Shipment]],[1]Report!$G:$G,[1]Report!$B:$B,"-") -> 46296.333 | B189: 7248680 | C189: 5541989629 | D189: 1 | E189: P3889R-B832 | F189: 18 | G189: CORTEVA AGRISCIENCE DO BRASIL LTDA. | H189: UBERLÂNDIA | I189: MG | J189: 18 | K189: 7600782 | L189: 03P7600782 | M189: C3 | N189: =IF(_Shipments[[#This Row],[Embalagem]]="Big Bag",_Shipments[[#This Row],[Qtd.]]*_Shipments[[#This Row],[Qtde. sacos/palete]],_Shipments[[#This Row],[Qtd.]]) -> 900 | O189: =_xlfn.XLOOKUP(_Shipments[[#This Row],[CLN]],[2]Dados!$D:$D,[2]Dados!$R:$R,"-") -> 50 | P189: {=_xlfn.LET(_xlpm.t,_xlfn.XLOOKUP(_Shipments[[#This Row],[CLN]],[2]Dados!$D:$D,[2]Dados!$Q:$Q,"-"),_xlfn.IFS(LEFT(_xlpm.t,3)="PAS","Saco",LEFT(_xlpm.t,3)="PBT","Big Bag",TRUE,"-"))} -> Big Bag | Q189: =_xlfn.LET(_xlpm.p,_xlfn.XLOOKUP(_Shipments[[#This Row],[CLN]],[2]Dados!$D:$D,[2]Dados!$K:$K,"-"),_xlpm.n,_Shipments[[#This Row],[Qtde. sacos/palete]],IF(ISNUMBER(_xlpm.p),IF(_Shipments[[#This Row],[Embalagem]]="Big Bag",IF(ISNUMBER(_xlpm.n),_xlpm.p*_xlpm.n,"-"),_xlpm.p),"-")) -> 680.5 | R189: =IF(_Shipments[[#This Row],[Embalagem]]="Big Bag",_Shipments[[#This Row],[Qtd.]],ROUNDUP(_Shipments[[#This Row],[Qtd.]]/_Shipments[[#This Row],[Qtde. sacos/palete]],0)) -> 18 | W189: G10 TRANSPORTES S.A
A190: =_xlfn.XLOOKUP(_Shipments[[#This Row],[Shipment]],[1]Report!$G:$G,[1]Report!$B:$B,"-") -> 46296.333 | B190: 7248680 | C190: 5541989629 | D190: 2 | E190: P3889R-B826 | F190: 11 | G190: CORTEVA AGRISCIENCE DO BRASIL LTDA. | H190: UBERLÂNDIA | I190: MG | J190: 11 | K190: 7609023 | L190: 03P7609023 | M190: R4 | N190: =IF(_Shipments[[#This Row],[Embalagem]]="Big Bag",_Shipments[[#This Row],[Qtd.]]*_Shipments[[#This Row],[Qtde. sacos/palete]],_Shipments[[#This Row],[Qtd.]]) -> 11 | O190: =_xlfn.XLOOKUP(_Shipments[[#This Row],[CLN]],[2]Dados!$D:$D,[2]Dados!$R:$R,"-") -> 70 | P190: {=_xlfn.LET(_xlpm.t,_xlfn.XLOOKUP(_Shipments[[#This Row],[CLN]],[2]Dados!$D:$D,[2]Dados!$Q:$Q,"-"),_xlfn.IFS(LEFT(_xlpm.t,3)="PAS","Saco",LEFT(_xlpm.t,3)="PBT","Big Bag",TRUE,"-"))} -> Saco | Q190: =_xlfn.LET(_xlpm.p,_xlfn.XLOOKUP(_Shipments[[#This Row],[CLN]],[2]Dados!$D:$D,[2]Dados!$K:$K,"-"),_xlpm.n,_Shipments[[#This Row],[Qtde. sacos/palete]],IF(ISNUMBER(_xlpm.p),IF(_Shipments[[#This Row],[Embalagem]]="Big Bag",IF(ISNUMBER(_xlpm.n),_xlpm.p*_xlpm.n,"-"),_xlpm.p),"-")) -> 13.74 | R190: =IF(_Shipments[[#This Row],[Embalagem]]="Big Bag",_Shipments[[#This Row],[Qtd.]],ROUNDUP(_Shipments[[#This Row],[Qtd.]]/_Shipments[[#This Row],[Qtde. sacos/palete]],0)) -> 1 | W190: G10 TRANSPORTES S.A
A191: =_xlfn.XLOOKUP(_Shipments[[#This Row],[Shipment]],[1]Report!$G:$G,[1]Report!$B:$B,"-") -> 46296.333 | B191: 7248682 | C191: 5541989630 | D191: 1 | E191: P3889R-B835 | F191: 17 | G191: CORTEVA AGRISCIENCE DO BRASIL LTDA. | H191: UBERLÂNDIA | I191: MG | J191: 17 | K191: 7600705 | L191: 03P7600705 | M191: R3 | N191: =IF(_Shipments[[#This Row],[Embalagem]]="Big Bag",_Shipments[[#This Row],[Qtd.]]*_Shipments[[#This Row],[Qtde. sacos/palete]],_Shipments[[#This Row],[Qtd.]]) -> 850 | O191: =_xlfn.XLOOKUP(_Shipments[[#This Row],[CLN]],[2]Dados!$D:$D,[2]Dados!$R:$R,"-") -> 50 | P191: {=_xlfn.LET(_xlpm.t,_xlfn.XLOOKUP(_Shipments[[#This Row],[CLN]],[2]Dados!$D:$D,[2]Dados!$Q:$Q,"-"),_xlfn.IFS(LEFT(_xlpm.t,3)="PAS","Saco",LEFT(_xlpm.t,3)="PBT","Big Bag",TRUE,"-"))} -> Big Bag | Q191: =_xlfn.LET(_xlpm.p,_xlfn.XLOOKUP(_Shipments[[#This Row],[CLN]],[2]Dados!$D:$D,[2]Dados!$K:$K,"-"),_xlpm.n,_Shipments[[#This Row],[Qtde. sacos/palete]],IF(ISNUMBER(_xlpm.p),IF(_Shipments[[#This Row],[Embalagem]]="Big Bag",IF(ISNUMBER(_xlpm.n),_xlpm.p*_xlpm.n,"-"),_xlpm.p),"-")) -> 760 | R191: =IF(_Shipments[[#This Row],[Embalagem]]="Big Bag",_Shipments[[#This Row],[Qtd.]],ROUNDUP(_Shipments[[#This Row],[Qtd.]]/_Shipments[[#This Row],[Qtde. sacos/palete]],0)) -> 17 | W191: G10 TRANSPORTES S.A
A192: =_xlfn.XLOOKUP(_Shipments[[#This Row],[Shipment]],[1]Report!$G:$G,[1]Report!$B:$B,"-") -> 46296.375 | B192: 7248684 | C192: 5541989631 | D192: 1 | E192: P3889R-B836 | F192: 14 | G192: CORTEVA AGRISCIENCE DO BRASIL LTDA. | H192: UBERLÂNDIA | I192: MG | J192: 14 | K192: 7600741 | L192: 03P7600741 | M192: R4 | N192: =IF(_Shipments[[#This Row],[Embalagem]]="Big Bag",_Shipments[[#This Row],[Qtd.]]*_Shipments[[#This Row],[Qtde. sacos/palete]],_Shipments[[#This Row],[Qtd.]]) -> 700 | O192: =_xlfn.XLOOKUP(_Shipments[[#This Row],[CLN]],[2]Dados!$D:$D,[2]Dados!$R:$R,"-") -> 50 | P192: {=_xlfn.LET(_xlpm.t,_xlfn.XLOOKUP(_Shipments[[#This Row],[CLN]],[2]Dados!$D:$D,[2]Dados!$Q:$Q,"-"),_xlfn.IFS(LEFT(_xlpm.t,3)="PAS","Saco",LEFT(_xlpm.t,3)="PBT","Big Bag",TRUE,"-"))} -> Big Bag | Q192: =_xlfn.LET(_xlpm.p,_xlfn.XLOOKUP(_Shipments[[#This Row],[CLN]],[2]Dados!$D:$D,[2]Dados!$K:$K,"-"),_xlpm.n,_Shipments[[#This Row],[Qtde. sacos/palete]],IF(ISNUMBER(_xlpm.p),IF(_Shipments[[#This Row],[Embalagem]]="Big Bag",IF(ISNUMBER(_xlpm.n),_xlpm.p*_xlpm.n,"-"),_xlpm.p),"-")) -> 687 | R192: =IF(_Shipments[[#This Row],[Embalagem]]="Big Bag",_Shipments[[#This Row],[Qtd.]],ROUNDUP(_Shipments[[#This Row],[Qtd.]]/_Shipments[[#This Row],[Qtde. sacos/palete]],0)) -> 14 | W192: G10 TRANSPORTES S.A
A193: =_xlfn.XLOOKUP(_Shipments[[#This Row],[Shipment]],[1]Report!$G:$G,[1]Report!$B:$B,"-") -> 46296.375 | B193: 7248684 | C193: 5541989631 | D193: 2 | E193: P3889R-B831 | F193: 4 | G193: CORTEVA AGRISCIENCE DO BRASIL LTDA. | H193: UBERLÂNDIA | I193: MG | J193: 4 | K193: 7600765 | L193: 03P7600765 | M193: C2 | N193: =IF(_Shipments[[#This Row],[Embalagem]]="Big Bag",_Shipments[[#This Row],[Qtd.]]*_Shipments[[#This Row],[Qtde. sacos/palete]],_Shipments[[#This Row],[Qtd.]]) -> 200 | O193: =_xlfn.XLOOKUP(_Shipments[[#This Row],[CLN]],[2]Dados!$D:$D,[2]Dados!$R:$R,"-") -> 50 | P193: {=_xlfn.LET(_xlpm.t,_xlfn.XLOOKUP(_Shipments[[#This Row],[CLN]],[2]Dados!$D:$D,[2]Dados!$Q:$Q,"-"),_xlfn.IFS(LEFT(_xlpm.t,3)="PAS","Saco",LEFT(_xlpm.t,3)="PBT","Big Bag",TRUE,"-"))} -> Big Bag | Q193: =_xlfn.LET(_xlpm.p,_xlfn.XLOOKUP(_Shipments[[#This Row],[CLN]],[2]Dados!$D:$D,[2]Dados!$K:$K,"-"),_xlpm.n,_Shipments[[#This Row],[Qtde. sacos/palete]],IF(ISNUMBER(_xlpm.p),IF(_Shipments[[#This Row],[Embalagem]]="Big Bag",IF(ISNUMBER(_xlpm.n),_xlpm.p*_xlpm.n,"-"),_xlpm.p),"-")) -> 756.5 | R193: =IF(_Shipments[[#This Row],[Embalagem]]="Big Bag",_Shipments[[#This Row],[Qtd.]],ROUNDUP(_Shipments[[#This Row],[Qtd.]]/_Shipments[[#This Row],[Qtde. sacos/palete]],0)) -> 4 | W193: G10 TRANSPORTES S.A
A194: =_xlfn.XLOOKUP(_Shipments[[#This Row],[Shipment]],[1]Report!$G:$G,[1]Report!$B:$B,"-") -> 46296.375 | B194: 7248685 | C194: 5541989632 | D194: 1 | E194: P3889R-B831 | F194: 7 | G194: CORTEVA AGRISCIENCE DO BRASIL LTDA. | H194: UBERLÂNDIA | I194: MG | J194: 7 | K194: 7600765 | L194: 03P7600765 | M194: C2 | N194: =IF(_Shipments[[#This Row],[Embalagem]]="Big Bag",_Shipments[[#This Row],[Qtd.]]*_Shipments[[#This Row],[Qtde. sacos/palete]],_Shipments[[#This Row],[Qtd.]]) -> 350 | O194: =_xlfn.XLOOKUP(_Shipments[[#This Row],[CLN]],[2]Dados!$D:$D,[2]Dados!$R:$R,"-") -> 50 | P194: {=_xlfn.LET(_xlpm.t,_xlfn.XLOOKUP(_Shipments[[#This Row],[CLN]],[2]Dados!$D:$D,[2]Dados!$Q:$Q,"-"),_xlfn.IFS(LEFT(_xlpm.t,3)="PAS","Saco",LEFT(_xlpm.t,3)="PBT","Big Bag",TRUE,"-"))} -> Big Bag | Q194: =_xlfn.LET(_xlpm.p,_xlfn.XLOOKUP(_Shipments[[#This Row],[CLN]],[2]Dados!$D:$D,[2]Dados!$K:$K,"-"),_xlpm.n,_Shipments[[#This Row],[Qtde. sacos/palete]],IF(ISNUMBER(_xlpm.p),IF(_Shipments[[#This Row],[Embalagem]]="Big Bag",IF(ISNUMBER(_xlpm.n),_xlpm.p*_xlpm.n,"-"),_xlpm.p),"-")) -> 756.5 | R194: =IF(_Shipments[[#This Row],[Embalagem]]="Big Bag",_Shipments[[#This Row],[Qtd.]],ROUNDUP(_Shipments[[#This Row],[Qtd.]]/_Shipments[[#This Row],[Qtde. sacos/palete]],0)) -> 7 | W194: G10 TRANSPORTES S.A
A195: =_xlfn.XLOOKUP(_Shipments[[#This Row],[Shipment]],[1]Report!$G:$G,[1]Report!$B:$B,"-") -> 46296.375 | B195: 7248685 | C195: 5541989632 | D195: 2 | E195: P3889R-B832 | F195: 11 | G195: CORTEVA AGRISCIENCE DO BRASIL LTDA. | H195: UBERLÂNDIA | I195: MG | J195: 11 | K195: 7600779 | L195: 03P7600779 | M195: C3 | N195: =IF(_Shipments[[#This Row],[Embalagem]]="Big Bag",_Shipments[[#This Row],[Qtd.]]*_Shipments[[#This Row],[Qtde. sacos/palete]],_Shipments[[#This Row],[Qtd.]]) -> 550 | O195: =_xlfn.XLOOKUP(_Shipments[[#This Row],[CLN]],[2]Dados!$D:$D,[2]Dados!$R:$R,"-") -> 50 | P195: {=_xlfn.LET(_xlpm.t,_xlfn.XLOOKUP(_Shipments[[#This Row],[CLN]],[2]Dados!$D:$D,[2]Dados!$Q:$Q,"-"),_xlfn.IFS(LEFT(_xlpm.t,3)="PAS","Saco",LEFT(_xlpm.t,3)="PBT","Big Bag",TRUE,"-"))} -> Big Bag | Q195: =_xlfn.LET(_xlpm.p,_xlfn.XLOOKUP(_Shipments[[#This Row],[CLN]],[2]Dados!$D:$D,[2]Dados!$K:$K,"-"),_xlpm.n,_Shipments[[#This Row],[Qtde. sacos/palete]],IF(ISNUMBER(_xlpm.p),IF(_Shipments[[#This Row],[Embalagem]]="Big Bag",IF(ISNUMBER(_xlpm.n),_xlpm.p*_xlpm.n,"-"),_xlpm.p),"-")) -> 678.5 | R195: =IF(_Shipments[[#This Row],[Embalagem]]="Big Bag",_Shipments[[#This Row],[Qtd.]],ROUNDUP(_Shipments[[#This Row],[Qtd.]]/_Shipments[[#This Row],[Qtde. sacos/palete]],0)) -> 11 | W195: G10 TRANSPORTES S.A
A196: =_xlfn.XLOOKUP(_Shipments[[#This Row],[Shipment]],[1]Report!$G:$G,[1]Report!$B:$B,"-") -> 46296.375 | B196: 7248685 | C196: 5541989632 | D196: 3 | E196: P3889R-B822 | F196: 42 | G196: CORTEVA AGRISCIENCE DO BRASIL LTDA. | H196: UBERLÂNDIA | I196: MG | J196: 42 | K196: 7609082 | L196: 03P7609082 | M196: C3 | N196: =IF(_Shipments[[#This Row],[Embalagem]]="Big Bag",_Shipments[[#This Row],[Qtd.]]*_Shipments[[#This Row],[Qtde. sacos/palete]],_Shipments[[#This Row],[Qtd.]]) -> 42 | O196: =_xlfn.XLOOKUP(_Shipments[[#This Row],[CLN]],[2]Dados!$D:$D,[2]Dados!$R:$R,"-") -> 70 | P196: {=_xlfn.LET(_xlpm.t,_xlfn.XLOOKUP(_Shipments[[#This Row],[CLN]],[2]Dados!$D:$D,[2]Dados!$Q:$Q,"-"),_xlfn.IFS(LEFT(_xlpm.t,3)="PAS","Saco",LEFT(_xlpm.t,3)="PBT","Big Bag",TRUE,"-"))} -> Saco | Q196: =_xlfn.LET(_xlpm.p,_xlfn.XLOOKUP(_Shipments[[#This Row],[CLN]],[2]Dados!$D:$D,[2]Dados!$K:$K,"-"),_xlpm.n,_Shipments[[#This Row],[Qtde. sacos/palete]],IF(ISNUMBER(_xlpm.p),IF(_Shipments[[#This Row],[Embalagem]]="Big Bag",IF(ISNUMBER(_xlpm.n),_xlpm.p*_xlpm.n,"-"),_xlpm.p),"-")) -> 13.57 | R196: =IF(_Shipments[[#This Row],[Embalagem]]="Big Bag",_Shipments[[#This Row],[Qtd.]],ROUNDUP(_Shipments[[#This Row],[Qtd.]]/_Shipments[[#This Row],[Qtde. sacos/palete]],0)) -> 1 | W196: G10 TRANSPORTES S.A
A197: =_xlfn.XLOOKUP(_Shipments[[#This Row],[Shipment]],[1]Report!$G:$G,[1]Report!$B:$B,"-") -> 46295.333 | B197: 7248712 | C197: 5541989199 | D197: 1 | E197: B2811PWU-B825 | F197: 600 | G197: INTERLOG SOLUCOES LOGISTICAS LTDA | H197: UBERLANDIA | I197: MG | J197: 600 | K197: 7571352 | L197: 03P7571352 | M197: R3 | N197: =IF(_Shipments[[#This Row],[Embalagem]]="Big Bag",_Shipments[[#This Row],[Qtd.]]*_Shipments[[#This Row],[Qtde. sacos/palete]],_Shipments[[#This Row],[Qtd.]]) -> 600 | O197: =_xlfn.XLOOKUP(_Shipments[[#This Row],[CLN]],[2]Dados!$D:$D,[2]Dados!$R:$R,"-") -> 60 | P197: {=_xlfn.LET(_xlpm.t,_xlfn.XLOOKUP(_Shipments[[#This Row],[CLN]],[2]Dados!$D:$D,[2]Dados!$Q:$Q,"-"),_xlfn.IFS(LEFT(_xlpm.t,3)="PAS","Saco",LEFT(_xlpm.t,3)="PBT","Big Bag",TRUE,"-"))} -> Saco | Q197: =_xlfn.LET(_xlpm.p,_xlfn.XLOOKUP(_Shipments[[#This Row],[CLN]],[2]Dados!$D:$D,[2]Dados!$K:$K,"-"),_xlpm.n,_Shipments[[#This Row],[Qtde. sacos/palete]],IF(ISNUMBER(_xlpm.p),IF(_Shipments[[#This Row],[Embalagem]]="Big Bag",IF(ISNUMBER(_xlpm.n),_xlpm.p*_xlpm.n,"-"),_xlpm.p),"-")) -> 16.12 | R197: =IF(_Shipments[[#This Row],[Embalagem]]="Big Bag",_Shipments[[#This Row],[Qtd.]],ROUNDUP(_Shipments[[#This Row],[Qtd.]]/_Shipments[[#This Row],[Qtde. sacos/palete]],0)) -> 10 | S197: JOSE DOS REIS TEODORO | T197: 34991525469 | U197: AHO-3975 | V197: PYP-8J98 | W197: G10 TRANSPORTES S.A
A198: =_xlfn.XLOOKUP(_Shipments[[#This Row],[Shipment]],[1]Report!$G:$G,[1]Report!$B:$B,"-") -> 46295.333 | B198: 7248712 | C198: 5541989199 | D198: 2 | E198: P3889R-B835 | F198: 10 | G198: INTERLOG SOLUCOES LOGISTICAS LTDA | H198: UBERLANDIA | I198: MG | J198: 10 | K198: 7600823 | L198: 03P7600823 | M198: R3C | N198: =IF(_Shipments[[#This Row],[Embalagem]]="Big Bag",_Shipments[[#This Row],[Qtd.]]*_Shipments[[#This Row],[Qtde. sacos/palete]],_Shipments[[#This Row],[Qtd.]]) -> 500 | O198: =_xlfn.XLOOKUP(_Shipments[[#This Row],[CLN]],[2]Dados!$D:$D,[2]Dados!$R:$R,"-") -> 50 | P198: {=_xlfn.LET(_xlpm.t,_xlfn.XLOOKUP(_Shipments[[#This Row],[CLN]],[2]Dados!$D:$D,[2]Dados!$Q:$Q,"-"),_xlfn.IFS(LEFT(_xlpm.t,3)="PAS","Saco",LEFT(_xlpm.t,3)="PBT","Big Bag",TRUE,"-"))} -> Big Bag | Q198: =_xlfn.LET(_xlpm.p,_xlfn.XLOOKUP(_Shipments[[#This Row],[CLN]],[2]Dados!$D:$D,[2]Dados!$K:$K,"-"),_xlpm.n,_Shipments[[#This Row],[Qtde. sacos/palete]],IF(ISNUMBER(_xlpm.p),IF(_Shipments[[#This Row],[Embalagem]]="Big Bag",IF(ISNUMBER(_xlpm.n),_xlpm.p*_xlpm.n,"-"),_xlpm.p),"-")) -> 707.5 | R198: =IF(_Shipments[[#This Row],[Embalagem]]="Big Bag",_Shipments[[#This Row],[Qtd.]],ROUNDUP(_Shipments[[#This Row],[Qtd.]]/_Shipments[[#This Row],[Qtde. sacos/palete]],0)) -> 10 | S198: JOSE DOS REIS TEODORO | T198: 34991525469 | U198: AHO-3975 | V198: PYP-8J98 | W198: G10 TRANSPORTES S.A
A199: =_xlfn.XLOOKUP(_Shipments[[#This Row],[Shipment]],[1]Report!$G:$G,[1]Report!$B:$B,"-") -> 46294.333 | B199: 7251557 | C199: 5541991011 | D199: 1 | E199: B2811PWU-B825 | F199: 1177 | G199: INTERLOG SOLUCOES LOGISTICAS LTDA | H199: UBERLANDIA | I199: MG | J199: 1177 | K199: 7571351 | L199: 03P7571351 | M199: R3 | N199: =IF(_Shipments[[#This Row],[Embalagem]]="Big Bag",_Shipments[[#This Row],[Qtd.]]*_Shipments[[#This Row],[Qtde. sacos/palete]],_Shipments[[#This Row],[Qtd.]]) -> 1177 | O199: =_xlfn.XLOOKUP(_Shipments[[#This Row],[CLN]],[2]Dados!$D:$D,[2]Dados!$R:$R,"-") -> 60 | P199: {=_xlfn.LET(_xlpm.t,_xlfn.XLOOKUP(_Shipments[[#This Row],[CLN]],[2]Dados!$D:$D,[2]Dados!$Q:$Q,"-"),_xlfn.IFS(LEFT(_xlpm.t,3)="PAS","Saco",LEFT(_xlpm.t,3)="PBT","Big Bag",TRUE,"-"))} -> Saco | Q199: =_xlfn.LET(_xlpm.p,_xlfn.XLOOKUP(_Shipments[[#This Row],[CLN]],[2]Dados!$D:$D,[2]Dados!$K:$K,"-"),_xlpm.n,_Shipments[[#This Row],[Qtde. sacos/palete]],IF(ISNUMBER(_xlpm.p),IF(_Shipments[[#This Row],[Embalagem]]="Big Bag",IF(ISNUMBER(_xlpm.n),_xlpm.p*_xlpm.n,"-"),_xlpm.p),"-")) -> 15.87 | R199: =IF(_Shipments[[#This Row],[Embalagem]]="Big Bag",_Shipments[[#This Row],[Qtd.]],ROUNDUP(_Shipments[[#This Row],[Qtd.]]/_Shipments[[#This Row],[Qtde. sacos/palete]],0)) -> 20 | S199: NATANIEL CICERO DA SILVA | T199: 34999810409 | U199: KFA-6J66 | V199: GXH-5189 | W199: G10 TRANSPORTES S.A

Sheet _Shipments
A1: Data | B1: Shipment | C1: Delivery | D1: Item | E1: Material | F1: Qtd. | G1: Descr. Cliente | H1: Cidade | I1: Estado | J1: Qtde. Sel. | K1: Lote | L1: CLN | M1: Peneira | N1: Sacos total (Jumbo Convertidos) | O1: Qtde. sacos/palete | P1: Embalagem | Q1: Peso | R1: Qtde. Total de Paletes | S1: Motorista | T1: Telefone | U1: Placa Cavalo | V1: Placa Carreta | W1: Transportadora | Y1: Parâmetros
A2: =_xlfn.XLOOKUP(_Shipments[[#This Row],[Shipment]],[1]Report!$G:$G,[1]Report!$B:$B,"-") -> 46260.333 | B2: 7240103 | C2: 5541981925 | D2: 1 | E2: P3845VYHR-B822 | F2: 987 | G2: CORTEVA AGRISCIENCE DO BRASIL LTDA. | H2: APARECIDA DE GOIÂNIA | I2: GO | J2: 987 | K2: 7520918 | L2: 03P7520918 | M2: C3 | N2: =IF(_Shipments[[#This Row],[Embalagem]]="Big Bag",_Shipments[[#This Row],[Qtd.]]*_Shipments[[#This Row],[Qtde. sacos/palete]],_Shipments[[#This Row],[Qtd.]]) -> 987 | O2: =_xlfn.XLOOKUP(_Shipments[[#This Row],[CLN]],[2]Dados!$D:$D,[2]Dados!$R:$R,"-") -> 75 | P2: {=_xlfn.LET(_xlpm.t,_xlfn.XLOOKUP(_Shipments[[#This Row],[CLN]],[2]Dados!$D:$D,[2]Dados!$Q:$Q,"-"),_xlfn.IFS(LEFT(_xlpm.t,3)="PAS","Saco",LEFT(_xlpm.t,3)="PBT","Big Bag",TRUE,"-"))} -> Saco | Q2: =_xlfn.LET(_xlpm.p,_xlfn.XLOOKUP(_Shipments[[#This Row],[CLN]],[2]Dados!$D:$D,[2]Dados!$K:$K,"-"),_xlpm.n,_Shipments[[#This Row],[Qtde. sacos/palete]],IF(ISNUMBER(_xlpm.p),IF(_Shipments[[#This Row],[Embalagem]]="Big Bag",IF(ISNUMBER(_xlpm.n),_xlpm.p*_xlpm.n,"-"),_xlpm.p),"-")) -> 12.16 | R2: =IF(_Shipments[[#This Row],[Embalagem]]="Big Bag",_Shipments[[#This Row],[Qtd.]],ROUNDUP(_Shipments[[#This Row],[Qtd.]]/_Shipments[[#This Row],[Qtde. sacos/palete]],0)) -> 14 | S2: ECIO CRISTINO FERREIRA | T2: 34992119997 | U2: QDC-5910 | V2: HJC-1938 | W2: G10 TRANSPORTES S.A | Y2: {=_xlfn.DROP(_xlfn.UNIQUE(_xlfn._xlws.FILTER('_Shipments'!B:B,'_Shipments'!B:B<>"")),1)} -> 7240103
A3: =_xlfn.XLOOKUP(_Shipments[[#This Row],[Shipment]],[1]Report!$G:$G,[1]Report!$B:$B,"-") -> 46260.333 | B3: 7240103 | C3: 5541981925 | D3: 2 | E3: P3845VYHR-B825 | F3: 36 | G3: CORTEVA AGRISCIENCE DO BRASIL LTDA. | H3: APARECIDA DE GOIÂNIA | I3: GO | J3: 36 | K3: 7520947 | L3: 03P7520947 | M3: R3 | N3: =IF(_Shipments[[#This Row],[Embalagem]]="Big Bag",_Shipments[[#This Row],[Qtd.]]*_Shipments[[#This Row],[Qtde. sacos/palete]],_Shipments[[#This Row],[Qtd.]]) -> 36 | O3: =_xlfn.XLOOKUP(_Shipments[[#This Row],[CLN]],[2]Dados!$D:$D,[2]Dados!$R:$R,"-") -> 70 | P3: {=_xlfn.LET(_xlpm.t,_xlfn.XLOOKUP(_Shipments[[#This Row],[CLN]],[2]Dados!$D:$D,[2]Dados!$Q:$Q,"-"),_xlfn.IFS(LEFT(_xlpm.t,3)="PAS","Saco",LEFT(_xlpm.t,3)="PBT","Big Bag",TRUE,"-"))} -> Saco | Q3: =_xlfn.LET(_xlpm.p,_xlfn.XLOOKUP(_Shipments[[#This Row],[CLN]],[2]Dados!$D:$D,[2]Dados!$K:$K,"-"),_xlpm.n,_Shipments[[#This Row],[Qtde. sacos/palete]],IF(ISNUMBER(_xlpm.p),IF(_Shipments[[#This Row],[Embalagem]]="Big Bag",IF(ISNUMBER(_xlpm.n),_xlpm.p*_xlpm.n,"-"),_xlpm.p),"-")) -> 13.77 | R3: =IF(_Shipments[[#This Row],[Embalagem]]="Big Bag",_Shipments[[#This Row],[Qtd.]],ROUNDUP(_Shipments[[#This Row],[Qtd.]]/_Shipments[[#This Row],[Qtde. sacos/palete]],0)) -> 1 | S3: ECIO CRISTINO FERREIRA | T3: 34992119997 | U3: QDC-5910 | V3: HJC-1938 | W3: G10 TRANSPORTES S.A | Y3: 7240104
A4: =_xlfn.XLOOKUP(_Shipments[[#This Row],[Shipment]],[1]Report!$G:$G,[1]Report!$B:$B,"-") -> 46260.333 | B4: 7240103 | C4: 5541981925 | D4: 3 | E4: P3845VYHR-B824 | F4: 16 | G4: CORTEVA AGRISCIENCE DO BRASIL LTDA. | H4: APARECIDA DE GOIÂNIA | I4: GO | J4: 16 | K4: 7520951 | L4: 03P7520951 | M4: R2 | N4: =IF(_Shipments[[#This Row],[Embalagem]]="Big Bag",_Shipments[[#This Row],[Qtd.]]*_Shipments[[#This Row],[Qtde. sacos/palete]],_Shipments[[#This Row],[Qtd.]]) -> 16 | O4: =_xlfn.XLOOKUP(_Shipments[[#This Row],[CLN]],[2]Dados!$D:$D,[2]Dados!$R:$R,"-") -> 60 | P4: {=_xlfn.LET(_xlpm.t,_xlfn.XLOOKUP(_Shipments[[#This Row],[CLN]],[2]Dados!$D:$D,[2]Dados!$Q:$Q,"-"),_xlfn.IFS(LEFT(_xlpm.t,3)="PAS","Saco",LEFT(_xlpm.t,3)="PBT","Big Bag",TRUE,"-"))} -> Saco | Q4: =_xlfn.LET(_xlpm.p,_xlfn.XLOOKUP(_Shipments[[#This Row],[CLN]],[2]Dados!$D:$D,[2]Dados!$K:$K,"-"),_xlpm.n,_Shipments[[#This Row],[Qtde. sacos/palete]],IF(ISNUMBER(_xlpm.p),IF(_Shipments[[#This Row],[Embalagem]]="Big Bag",IF(ISNUMBER(_xlpm.n),_xlpm.p*_xlpm.n,"-"),_xlpm.p),"-")) -> 16.69 | R4: =IF(_Shipments[[#This Row],[Embalagem]]="Big Bag",_Shipments[[#This Row],[Qtd.]],ROUNDUP(_Shipments[[#This Row],[Qtd.]]/_Shipments[[#This Row],[Qtde. sacos/palete]],0)) -> 1 | S4: ECIO CRISTINO FERREIRA | T4: 34992119997 | U4: QDC-5910 | V4: HJC-1938 | W4: G10 TRANSPORTES S.A | Y4: 7240105
A5: =_xlfn.XLOOKUP(_Shipments[[#This Row],[Shipment]],[1]Report!$G:$G,[1]Report!$B:$B,"-") -> 46260.333 | B5: 7240103 | C5: 5541981925 | D5: 4 | E5: P3845VYHR-B821 | F5: 27 | G5: CORTEVA AGRISCIENCE DO BRASIL LTDA. | H5: APARECIDA DE GOIÂNIA | I5: GO | J5: 27 | K5: 7520927 | L5: 03P7520927 | M5: C2 | N5: =IF(_Shipments[[#This Row],[Embalagem]]="Big Bag",_Shipments[[#This Row],[Qtd.]]*_Shipments[[#This Row],[Qtde. sacos/palete]],_Shipments[[#This Row],[Qtd.]]) -> 27 | O5: =_xlfn.XLOOKUP(_Shipments[[#This Row],[CLN]],[2]Dados!$D:$D,[2]Dados!$R:$R,"-") -> 60 | P5: {=_xlfn.LET(_xlpm.t,_xlfn.XLOOKUP(_Shipments[[#This Row],[CLN]],[2]Dados!$D:$D,[2]Dados!$Q:$Q,"-"),_xlfn.IFS(LEFT(_xlpm.t,3)="PAS","Saco",LEFT(_xlpm.t,3)="PBT","Big Bag",TRUE,"-"))} -> Saco | Q5: =_xlfn.LET(_xlpm.p,_xlfn.XLOOKUP(_Shipments[[#This Row],[CLN]],[2]Dados!$D:$D,[2]Dados!$K:$K,"-"),_xlpm.n,_Shipments[[#This Row],[Qtde. sacos/palete]],IF(ISNUMBER(_xlpm.p),IF(_Shipments[[#This Row],[Embalagem]]="Big Bag",IF(ISNUMBER(_xlpm.n),_xlpm.p*_xlpm.n,"-"),_xlpm.p),"-")) -> 14.69 | R5: =IF(_Shipments[[#This Row],[Embalagem]]="Big Bag",_Shipments[[#This Row],[Qtd.]],ROUNDUP(_Shipments[[#This Row],[Qtd.]]/_Shipments[[#This Row],[Qtde. sacos/palete]],0)) -> 1 | S5: ECIO CRISTINO FERREIRA | T5: 34992119997 | U5: QDC-5910 | V5: HJC-1938 | W5: G10 TRANSPORTES S.A | Y5: 7240106
A6: =_xlfn.XLOOKUP(_Shipments[[#This Row],[Shipment]],[1]Report!$G:$G,[1]Report!$B:$B,"-") -> 46260.333 | B6: 7240103 | C6: 5541981925 | D6: 5 | E6: P3845VYHR-B821 | F6: 31 | G6: CORTEVA AGRISCIENCE DO BRASIL LTDA. | H6: APARECIDA DE GOIÂNIA | I6: GO | J6: 31 | K6: 7520929 | L6: 03P7520929 | M6: C2 | N6: =IF(_Shipments[[#This Row],[Embalagem]]="Big Bag",_Shipments[[#This Row],[Qtd.]]*_Shipments[[#This Row],[Qtde. sacos/palete]],_Shipments[[#This Row],[Qtd.]]) -> 31 | O6: =_xlfn.XLOOKUP(_Shipments[[#This Row],[CLN]],[2]Dados!$D:$D,[2]Dados!$R:$R,"-") -> 70 | P6: {=_xlfn.LET(_xlpm.t,_xlfn.XLOOKUP(_Shipments[[#This Row],[CLN]],[2]Dados!$D:$D,[2]Dados!$Q:$Q,"-"),_xlfn.IFS(LEFT(_xlpm.t,3)="PAS","Saco",LEFT(_xlpm.t,3)="PBT","Big Bag",TRUE,"-"))} -> Saco | Q6: =_xlfn.LET(_xlpm.p,_xlfn.XLOOKUP(_Shipments[[#This Row],[CLN]],[2]Dados!$D:$D,[2]Dados!$K:$K,"-"),_xlpm.n,_Shipments[[#This Row],[Qtde. sacos/palete]],IF(ISNUMBER(_xlpm.p),IF(_Shipments[[#This Row],[Embalagem]]="Big Bag",IF(ISNUMBER(_xlpm.n),_xlpm.p*_xlpm.n,"-"),_xlpm.p),"-")) -> 14.13 | R6: =IF(_Shipments[[#This Row],[Embalagem]]="Big Bag",_Shipments[[#This Row],[Qtd.]],ROUNDUP(_Shipments[[#This Row],[Qtd.]]/_Shipments[[#This Row],[Qtde. sacos/palete]],0)) -> 1 | S6: ECIO CRISTINO FERREIRA | T6: 34992119997 | U6: QDC-5910 | V6: HJC-1938 | W6: G10 TRANSPORTES S.A | Y6: 7240107
A7: =_xlfn.XLOOKUP(_Shipments[[#This Row],[Shipment]],[1]Report!$G:$G,[1]Report!$B:$B,"-") -> 46260.333 | B7: 7240103 | C7: 5541981925 | D7: 6 | E7: P3845VYHR-B822 | F7: 195 | G7: CORTEVA AGRISCIENCE DO BRASIL LTDA. | H7: APARECIDA DE GOIÂNIA | I7: GO | J7: 195 | K7: 7520886 | L7: 03P7520886 | M7: C3C | N7: =IF(_Shipments[[#This Row],[Embalagem]]="Big Bag",_Shipments[[#This Row],[Qtd.]]*_Shipments[[#This Row],[Qtde. sacos/palete]],_Shipments[[#This Row],[Qtd.]]) -> 195 | O7: =_xlfn.XLOOKUP(_Shipments[[#This Row],[CLN]],[2]Dados!$D:$D,[2]Dados!$R:$R,"-") -> 75 | P7: {=_xlfn.LET(_xlpm.t,_xlfn.XLOOKUP(_Shipments[[#This Row],[CLN]],[2]Dados!$D:$D,[2]Dados!$Q:$Q,"-"),_xlfn.IFS(LEFT(_xlpm.t,3)="PAS","Saco",LEFT(_xlpm.t,3)="PBT","Big Bag",TRUE,"-"))} -> Saco | Q7: =_xlfn.LET(_xlpm.p,_xlfn.XLOOKUP(_Shipments[[#This Row],[CLN]],[2]Dados!$D:$D,[2]Dados!$K:$K,"-"),_xlpm.n,_Shipments[[#This Row],[Qtde. sacos/palete]],IF(ISNUMBER(_xlpm.p),IF(_Shipments[[#This Row],[Embalagem]]="Big Bag",IF(ISNUMBER(_xlpm.n),_xlpm.p*_xlpm.n,"-"),_xlpm.p),"-")) -> 11.26 | R7: =IF(_Shipments[[#This Row],[Embalagem]]="Big Bag",_Shipments[[#This Row],[Qtd.]],ROUNDUP(_Shipments[[#This Row],[Qtd.]]/_Shipments[[#This Row],[Qtde. sacos/palete]],0)) -> 3 | S7: ECIO CRISTINO FERREIRA | T7: 34992119997 | U7: QDC-5910 | V7: HJC-1938 | W7: G10 TRANSPORTES S.A | Y7: 7240108
A8: =_xlfn.XLOOKUP(_Shipments[[#This Row],[Shipment]],[1]Report!$G:$G,[1]Report!$B:$B,"-") -> 46260.333 | B8: 7240104 | C8: 5541981926 | D8: 1 | E8: P3845VYHR-B825 | F8: 925 | G8: CORTEVA AGRISCIENCE DO BRASIL LTDA. | H8: APARECIDA DE GOIÂNIA | I8: GO | J8: 925 | K8: 7520891 | L8: 03P7520891 | M8: R3C | N8: =IF(_Shipments[[#This Row],[Embalagem]]="Big Bag",_Shipments[[#This Row],[Qtd.]]*_Shipments[[#This Row],[Qtde. sacos/palete]],_Shipments[[#This Row],[Qtd.]]) -> 925 | O8: =_xlfn.XLOOKUP(_Shipments[[#This Row],[CLN]],[2]Dados!$D:$D,[2]Dados!$R:$R,"-") -> 70 | P8: {=_xlfn.LET(_xlpm.t,_xlfn.XLOOKUP(_Shipments[[#This Row],[CLN]],[2]Dados!$D:$D,[2]Dados!$Q:$Q,"-"),_xlfn.IFS(LEFT(_xlpm.t,3)="PAS","Saco",LEFT(_xlpm.t,3)="PBT","Big Bag",TRUE,"-"))} -> Saco | Q8: =_xlfn.LET(_xlpm.p,_xlfn.XLOOKUP(_Shipments[[#This Row],[CLN]],[2]Dados!$D:$D,[2]Dados!$K:$K,"-"),_xlpm.n,_Shipments[[#This Row],[Qtde. sacos/palete]],IF(ISNUMBER(_xlpm.p),IF(_Shipments[[#This Row],[Embalagem]]="Big Bag",IF(ISNUMBER(_xlpm.n),_xlpm.p*_xlpm.n,"-"),_xlpm.p),"-")) -> 13.11 | R8: =IF(_Shipments[[#This Row],[Embalagem]]="Big Bag",_Shipments[[#This Row],[Qtd.]],ROUNDUP(_Shipments[[#This Row],[Qtd.]]/_Shipments[[#This Row],[Qtde. sacos/palete]],0)) -> 14 | S8: MARCILIO NUNES GOMES | T8: 38999337997 | U8: FHS-8D82 | V8: SJG-2J59 | W8: G10 TRANSPORTES S.A | Y8: 7240109
A9: =_xlfn.XLOOKUP(_Shipments[[#This Row],[Shipment]],[1]Report!$G:$G,[1]Report!$B:$B,"-") -> 46260.333 | B9: 7240104 | C9: 5541981926 | D9: 2 | E9: P3845VYHR-B821 | F9: 39 | G9: CORTEVA AGRISCIENCE DO BRASIL LTDA. | H9: APARECIDA DE GOIÂNIA | I9: GO | J9: 39 | K9: 7520933 | L9: 03P7520933 | M9: C2 | N9: =IF(_Shipments[[#This Row],[Embalagem]]="Big Bag",_Shipments[[#This Row],[Qtd.]]*_Shipments[[#This Row],[Qtde. sacos/palete]],_Shipments[[#This Row],[Qtd.]]) -> 39 | O9: =_xlfn.XLOOKUP(_Shipments[[#This Row],[CLN]],[2]Dados!$D:$D,[2]Dados!$R:$R,"-") -> 60 | P9: {=_xlfn.LET(_xlpm.t,_xlfn.XLOOKUP(_Shipments[[#This Row],[CLN]],[2]Dados!$D:$D,[2]Dados!$Q:$Q,"-"),_xlfn.IFS(LEFT(_xlpm.t,3)="PAS","Saco",LEFT(_xlpm.t,3)="PBT","Big Bag",TRUE,"-"))} -> Saco | Q9: =_xlfn.LET(_xlpm.p,_xlfn.XLOOKUP(_Shipments[[#This Row],[CLN]],[2]Dados!$D:$D,[2]Dados!$K:$K,"-"),_xlpm.n,_Shipments[[#This Row],[Qtde. sacos/palete]],IF(ISNUMBER(_xlpm.p),IF(_Shipments[[#This Row],[Embalagem]]="Big Bag",IF(ISNUMBER(_xlpm.n),_xlpm.p*_xlpm.n,"-"),_xlpm.p),"-")) -> 14.56 | R9: =IF(_Shipments[[#This Row],[Embalagem]]="Big Bag",_Shipments[[#This Row],[Qtd.]],ROUNDUP(_Shipments[[#This Row],[Qtd.]]/_Shipments[[#This Row],[Qtde. sacos/palete]],0)) -> 1 | S9: MARCILIO NUNES GOMES | T9: 38999337997 | U9: FHS-8D82 | V9: SJG-2J59 | W9: G10 TRANSPORTES S.A | Y9: 7240110
A10: =_xlfn.XLOOKUP(_Shipments[[#This Row],[Shipment]],[1]Report!$G:$G,[1]Report!$B:$B,"-") -> 46260.333 | B10: 7240104 | C10: 5541981926 | D10: 3 | E10: P3845VYHR-B821 | F10: 27 | G10: CORTEVA AGRISCIENCE DO BRASIL LTDA. | H10: APARECIDA DE GOIÂNIA | I10: GO | J10: 27 | K10: 7520936 | L10: 03P7520936 | M10: C1 | N10: =IF(_Shipments[[#This Row],[Embalagem]]="Big Bag",_Shipments[[#This Row],[Qtd.]]*_Shipments[[#This Row],[Qtde. sacos/palete]],_Shipments[[#This Row],[Qtd.]]) -> 27 | O10: =_xlfn.XLOOKUP(_Shipments[[#This Row],[CLN]],[2]Dados!$D:$D,[2]Dados!$R:$R,"-") -> 60 | P10: {=_xlfn.LET(_xlpm.t,_xlfn.XLOOKUP(_Shipments[[#This Row],[CLN]],[2]Dados!$D:$D,[2]Dados!$Q:$Q,"-"),_xlfn.IFS(LEFT(_xlpm.t,3)="PAS","Saco",LEFT(_xlpm.t,3)="PBT","Big Bag",TRUE,"-"))} -> Saco | Q10: =_xlfn.LET(_xlpm.p,_xlfn.XLOOKUP(_Shipments[[#This Row],[CLN]],[2]Dados!$D:$D,[2]Dados!$K:$K,"-"),_xlpm.n,_Shipments[[#This Row],[Qtde. sacos/palete]],IF(ISNUMBER(_xlpm.p),IF(_Shipments[[#This Row],[Embalagem]]="Big Bag",IF(ISNUMBER(_xlpm.n),_xlpm.p*_xlpm.n,"-"),_xlpm.p),"-")) -> 16.18 | R10: =IF(_Shipments[[#This Row],[Embalagem]]="Big Bag",_Shipments[[#This Row],[Qtd.]],ROUNDUP(_Shipments[[#This Row],[Qtd.]]/_Shipments[[#This Row],[Qtde. sacos/palete]],0)) -> 1 | S10: MARCILIO NUNES GOMES | T10: 38999337997 | U10: FHS-8D82 | V10: SJG-2J59 | W10: G10 TRANSPORTES S.A | Y10: 7240111
A11: =_xlfn.XLOOKUP(_Shipments[[#This Row],[Shipment]],[1]Report!$G:$G,[1]Report!$B:$B,"-") -> 46260.333 | B11: 7240104 | C11: 5541981926 | D11: 4 | E11: P3845VYHR-B821 | F11: 39 | G11: CORTEVA AGRISCIENCE DO BRASIL LTDA. | H11: APARECIDA DE GOIÂNIA | I11: GO | J11: 39 | K11: 7520939 | L11: 03P7520939 | M11: C1 | N11: =IF(_Shipments[[#This Row],[Embalagem]]="Big Bag",_Shipments[[#This Row],[Qtd.]]*_Shipments[[#This Row],[Qtde. sacos/palete]],_Shipments[[#This Row],[Qtd.]]) -> 39 | O11: =_xlfn.XLOOKUP(_Shipments[[#This Row],[CLN]],[2]Dados!$D:$D,[2]Dados!$R:$R,"-") -> 60 | P11: {=_xlfn.LET(_xlpm.t,_xlfn.XLOOKUP(_Shipments[[#This Row],[CLN]],[2]Dados!$D:$D,[2]Dados!$Q:$Q,"-"),_xlfn.IFS(LEFT(_xlpm.t,3)="PAS","Saco",LEFT(_xlpm.t,3)="PBT","Big Bag",TRUE,"-"))} -> Saco | Q11: =_xlfn.LET(_xlpm.p,_xlfn.XLOOKUP(_Shipments[[#This Row],[CLN]],[2]Dados!$D:$D,[2]Dados!$K:$K,"-"),_xlpm.n,_Shipments[[#This Row],[Qtde. sacos/palete]],IF(ISNUMBER(_xlpm.p),IF(_Shipments[[#This Row],[Embalagem]]="Big Bag",IF(ISNUMBER(_xlpm.n),_xlpm.p*_xlpm.n,"-"),_xlpm.p),"-")) -> 16.84 | R11: =IF(_Shipments[[#This Row],[Embalagem]]="Big Bag",_Shipments[[#This Row],[Qtd.]],ROUNDUP(_Shipments[[#This Row],[Qtd.]]/_Shipments[[#This Row],[Qtde. sacos/palete]],0)) -> 1 | S11: MARCILIO NUNES GOMES | T11: 38999337997 | U11: FHS-8D82 | V11: SJG-2J59 | W11: G10 TRANSPORTES S.A | Y11: 7241110
A12: =_xlfn.XLOOKUP(_Shipments[[#This Row],[Shipment]],[1]Report!$G:$G,[1]Report!$B:$B,"-") -> 46260.333 | B12: 7240104 | C12: 5541981926 | D12: 5 | E12: P3845VYHR-B825 | F12: 37 | G12: CORTEVA AGRISCIENCE DO BRASIL LTDA. | H12: APARECIDA DE GOIÂNIA | I12: GO | J12: 37 | K12: 7520948 | L12: 03P7520948 | M12: R3 | N12: =IF(_Shipments[[#This Row],[Embalagem]]="Big Bag",_Shipments[[#This Row],[Qtd.]]*_Shipments[[#This Row],[Qtde. sacos/palete]],_Shipments[[#This Row],[Qtd.]]) -> 37 | O12: =_xlfn.XLOOKUP(_Shipments[[#This Row],[CLN]],[2]Dados!$D:$D,[2]Dados!$R:$R,"-") -> 70 | P12: {=_xlfn.LET(_xlpm.t,_xlfn.XLOOKUP(_Shipments[[#This Row],[CLN]],[2]Dados!$D:$D,[2]Dados!$Q:$Q,"-"),_xlfn.IFS(LEFT(_xlpm.t,3)="PAS","Saco",LEFT(_xlpm.t,3)="PBT","Big Bag",TRUE,"-"))} -> Saco | Q12: =_xlfn.LET(_xlpm.p,_xlfn.XLOOKUP(_Shipments[[#This Row],[CLN]],[2]Dados!$D:$D,[2]Dados!$K:$K,"-"),_xlpm.n,_Shipments[[#This Row],[Qtde. sacos/palete]],IF(ISNUMBER(_xlpm.p),IF(_Shipments[[#This Row],[Embalagem]]="Big Bag",IF(ISNUMBER(_xlpm.n),_xlpm.p*_xlpm.n,"-"),_xlpm.p),"-")) -> 14.06 | R12: =IF(_Shipments[[#This Row],[Embalagem]]="Big Bag",_Shipments[[#This Row],[Qtd.]],ROUNDUP(_Shipments[[#This Row],[Qtd.]]/_Shipments[[#This Row],[Qtde. sacos/palete]],0)) -> 1 | S12: MARCILIO NUNES GOMES | T12: 38999337997 | U12: FHS-8D82 | V12: SJG-2J59 | W12: G10 TRANSPORTES S.A | Y12: 7241111
A13: =_xlfn.XLOOKUP(_Shipments[[#This Row],[Shipment]],[1]Report!$G:$G,[1]Report!$B:$B,"-") -> 46260.333 | B13: 7240104 | C13: 5541981926 | D13: 6 | E13: P3845VYHR-B822 | F13: 207 | G13: CORTEVA AGRISCIENCE DO BRASIL LTDA. | H13: APARECIDA DE GOIÂNIA | I13: GO | J13: 207 | K13: 7520924 | L13: 03P7520924 | M13: C3 | N13: =IF(_Shipments[[#This Row],[Embalagem]]="Big Bag",_Shipments[[#This Row],[Qtd.]]*_Shipments[[#This Row],[Qtde. sacos/palete]],_Shipments[[#This Row],[Qtd.]]) -> 207 | O13: =_xlfn.XLOOKUP(_Shipments[[#This Row],[CLN]],[2]Dados!$D:$D,[2]Dados!$R:$R,"-") -> 70 | P13: {=_xlfn.LET(_xlpm.t,_xlfn.XLOOKUP(_Shipments[[#This Row],[CLN]],[2]Dados!$D:$D,[2]Dados!$Q:$Q,"-"),_xlfn.IFS(LEFT(_xlpm.t,3)="PAS","Saco",LEFT(_xlpm.t,3)="PBT","Big Bag",TRUE,"-"))} -> Saco | Q13: =_xlfn.LET(_xlpm.p,_xlfn.XLOOKUP(_Shipments[[#This Row],[CLN]],[2]Dados!$D:$D,[2]Dados!$K:$K,"-"),_xlpm.n,_Shipments[[#This Row],[Qtde. sacos/palete]],IF(ISNUMBER(_xlpm.p),IF(_Shipments[[#This Row],[Embalagem]]="Big Bag",IF(ISNUMBER(_xlpm.n),_xlpm.p*_xlpm.n,"-"),_xlpm.p),"-")) -> 13.26 | R13: =IF(_Shipments[[#This Row],[Embalagem]]="Big Bag",_Shipments[[#This Row],[Qtd.]],ROUNDUP(_Shipments[[#This Row],[Qtd.]]/_Shipments[[#This Row],[Qtde. sacos/palete]],0)) -> 3 | S13: MARCILIO NUNES GOMES | T13: 38999337997 | U13: FHS-8D82 | V13: SJG-2J59 | W13: G10 TRANSPORTES S.A | Y13: 7241113
A14: =_xlfn.XLOOKUP(_Shipments[[#This Row],[Shipment]],[1]Report!$G:$G,[1]Report!$B:$B,"-") -> 46260.375 | B14: 7240105 | C14: 5541981927 | D14: 1 | E14: P3845VYHR-B824 | F14: 36 | G14: CORTEVA AGRISCIENCE DO BRASIL LTDA. | H14: APARECIDA DE GOIÂNIA | I14: GO | J14: 36 | K14: 7520952 | L14: 03P7520952 | M14: R2 | N14: =IF(_Shipments[[#This Row],[Embalagem]]="Big Bag",_Shipments[[#This Row],[Qtd.]]*_Shipments[[#This Row],[Qtde. sacos/palete]],_Shipments[[#This Row],[Qtd.]]) -> 36 | O14: =_xlfn.XLOOKUP(_Shipments[[#This Row],[CLN]],[2]Dados!$D:$D,[2]Dados!$R:$R,"-") -> 60 | P14: {=_xlfn.LET(_xlpm.t,_xlfn.XLOOKUP(_Shipments[[#This Row],[CLN]],[2]Dados!$D:$D,[2]Dados!$Q:$Q,"-"),_xlfn.IFS(LEFT(_xlpm.t,3)="PAS","Saco",LEFT(_xlpm.t,3)="PBT","Big Bag",TRUE,"-"))} -> Saco | Q14: =_xlfn.LET(_xlpm.p,_xlfn.XLOOKUP(_Shipments[[#This Row],[CLN]],[2]Dados!$D:$D,[2]Dados!$K:$K,"-"),_xlpm.n,_Shipments[[#This Row],[Qtde. sacos/palete]],IF(ISNUMBER(_xlpm.p),IF(_Shipments[[#This Row],[Embalagem]]="Big Bag",IF(ISNUMBER(_xlpm.n),_xlpm.p*_xlpm.n,"-"),_xlpm.p),"-")) -> 17.09 | R14: =IF(_Shipments[[#This Row],[Embalagem]]="Big Bag",_Shipments[[#This Row],[Qtd.]],ROUNDUP(_Shipments[[#This Row],[Qtd.]]/_Shipments[[#This Row],[Qtde. sacos/palete]],0)) -> 1 | S14: MARCO TULIO DE MELO | T14: 63981169588 | U14: RMV-3G04 | V14: DAS-7D88 | W14: G10 TRANSPORTES S.A | Y14: 7241116
... A106: =_xlfn.XLOOKUP(_Shipments[[#This Row],[Shipment]],[1]Report!$G:$G,[1]Report!$B:$B,"-") -> 46289.417 | B106: 7242699 | C106: 5541984817 | D106: 12 | E106: P3845VYHR-B821 | F106: 39 | G106: CORTEVA AGRISCIENCE DO BRASIL LTDA. | H106: UBERLÂNDIA | I106: MG | J106: 39 | K106: 7566351 | L106: 03P7566351 | M106: C2 | N106: =IF(_Shipments[[#This Row],[Embalagem]]="Big Bag",_Shipments[[#This Row],[Qtd.]]*_Shipments[[#This Row],[Qtde. sacos/palete]],_Shipments[[#This Row],[Qtd.]]) -> 39 | O106: =_xlfn.XLOOKUP(_Shipments[[#This Row],[CLN]],[2]Dados!$D:$D,[2]Dados!$R:$R,"-") -> 50 | P106: {=_xlfn.LET(_xlpm.t,_xlfn.XLOOKUP(_Shipments[[#This Row],[CLN]],[2]Dados!$D:$D,[2]Dados!$Q:$Q,"-"),_xlfn.IFS(LEFT(_xlpm.t,3)="PAS","Saco",LEFT(_xlpm.t,3)="PBT","Big Bag",TRUE,"-"))} -> Saco | Q106: =_xlfn.LET(_xlpm.p,_xlfn.XLOOKUP(_Shipments[[#This Row],[CLN]],[2]Dados!$D:$D,[2]Dados!$K:$K,"-"),_xlpm.n,_Shipments[[#This Row],[Qtde. sacos/palete]],IF(ISNUMBER(_xlpm.p),IF(_Shipments[[#This Row],[Embalagem]]="Big Bag",IF(ISNUMBER(_xlpm.n),_xlpm.p*_xlpm.n,"-"),_xlpm.p),"-")) -> 17.68 | R106: =IF(_Shipments[[#This Row],[Embalagem]]="Big Bag",_Shipments[[#This Row],[Qtd.]],ROUNDUP(_Shipments[[#This Row],[Qtd.]]/_Shipments[[#This Row],[Qtde. sacos/palete]],0)) -> 1 | S106: DANIEL HENRIQUE DE SOUSA | T106: 34996968579 | U106: JDP-0H00 | V106: QNE-8537 | W106: G10 TRANSPORTES S.A | Y106: 7253448
A107: =_xlfn.XLOOKUP(_Shipments[[#This Row],[Shipment]],[1]Report!$G:$G,[1]Report!$B:$B,"-") -> 46289.417 | B107: 7242699 | C107: 5541984817 | D107: 13 | E107: P3845VYHR-B821 | F107: 34 | G107: CORTEVA AGRISCIENCE DO BRASIL LTDA. | H107: UBERLÂNDIA | I107: MG | J107: 34 | K107: 7566353 | L107: 03P7566353 | M107: C2 | N107: =IF(_Shipments[[#This Row],[Embalagem]]="Big Bag",_Shipments[[#This Row],[Qtd.]]*_Shipments[[#This Row],[Qtde. sacos/palete]],_Shipments[[#This Row],[Qtd.]]) -> 34 | O107: =_xlfn.XLOOKUP(_Shipments[[#This Row],[CLN]],[2]Dados!$D:$D,[2]Dados!$R:$R,"-") -> 50 | P107: {=_xlfn.LET(_xlpm.t,_xlfn.XLOOKUP(_Shipments[[#This Row],[CLN]],[2]Dados!$D:$D,[2]Dados!$Q:$Q,"-"),_xlfn.IFS(LEFT(_xlpm.t,3)="PAS","Saco",LEFT(_xlpm.t,3)="PBT","Big Bag",TRUE,"-"))} -> Saco | Q107: =_xlfn.LET(_xlpm.p,_xlfn.XLOOKUP(_Shipments[[#This Row],[CLN]],[2]Dados!$D:$D,[2]Dados!$K:$K,"-"),_xlpm.n,_Shipments[[#This Row],[Qtde. sacos/palete]],IF(ISNUMBER(_xlpm.p),IF(_Shipments[[#This Row],[Embalagem]]="Big Bag",IF(ISNUMBER(_xlpm.n),_xlpm.p*_xlpm.n,"-"),_xlpm.p),"-")) -> 17.52 | R107: =IF(_Shipments[[#This Row],[Embalagem]]="Big Bag",_Shipments[[#This Row],[Qtd.]],ROUNDUP(_Shipments[[#This Row],[Qtd.]]/_Shipments[[#This Row],[Qtde. sacos/palete]],0)) -> 1 | S107: DANIEL HENRIQUE DE SOUSA | T107: 34996968579 | U107: JDP-0H00 | V107: QNE-8537 | W107: G10 TRANSPORTES S.A
A108: =_xlfn.XLOOKUP(_Shipments[[#This Row],[Shipment]],[1]Report!$G:$G,[1]Report!$B:$B,"-") -> 46289.417 | B108: 7242699 | C108: 5541984817 | D108: 14 | E108: P3845VYHR-B821 | F108: 39 | G108: CORTEVA AGRISCIENCE DO BRASIL LTDA. | H108: UBERLÂNDIA | I108: MG | J108: 39 | K108: 7566356 | L108: 03P7566356 | M108: C2 | N108: =IF(_Shipments[[#This Row],[Embalagem]]="Big Bag",_Shipments[[#This Row],[Qtd.]]*_Shipments[[#This Row],[Qtde. sacos/palete]],_Shipments[[#This Row],[Qtd.]]) -> 39 | O108: =_xlfn.XLOOKUP(_Shipments[[#This Row],[CLN]],[2]Dados!$D:$D,[2]Dados!$R:$R,"-") -> 60 | P108: {=_xlfn.LET(_xlpm.t,_xlfn.XLOOKUP(_Shipments[[#This Row],[CLN]],[2]Dados!$D:$D,[2]Dados!$Q:$Q,"-"),_xlfn.IFS(LEFT(_xlpm.t,3)="PAS","Saco",LEFT(_xlpm.t,3)="PBT","Big Bag",TRUE,"-"))} -> Saco | Q108: =_xlfn.LET(_xlpm.p,_xlfn.XLOOKUP(_Shipments[[#This Row],[CLN]],[2]Dados!$D:$D,[2]Dados!$K:$K,"-"),_xlpm.n,_Shipments[[#This Row],[Qtde. sacos/palete]],IF(ISNUMBER(_xlpm.p),IF(_Shipments[[#This Row],[Embalagem]]="Big Bag",IF(ISNUMBER(_xlpm.n),_xlpm.p*_xlpm.n,"-"),_xlpm.p),"-")) -> 17.23 | R108: =IF(_Shipments[[#This Row],[Embalagem]]="Big Bag",_Shipments[[#This Row],[Qtd.]],ROUNDUP(_Shipments[[#This Row],[Qtd.]]/_Shipments[[#This Row],[Qtde. sacos/palete]],0)) -> 1 | S108: DANIEL HENRIQUE DE SOUSA | T108: 34996968579 | U108: JDP-0H00 | V108: QNE-8537 | W108: G10 TRANSPORTES S.A
A109: =_xlfn.XLOOKUP(_Shipments[[#This Row],[Shipment]],[1]Report!$G:$G,[1]Report!$B:$B,"-") -> 46289.417 | B109: 7242699 | C109: 5541984817 | D109: 15 | E109: P3845VYHR-B841 | F109: 4 | G109: CORTEVA AGRISCIENCE DO BRASIL LTDA. | H109: UBERLÂNDIA | I109: MG | J109: 4 | K109: 7573704 | L109: 03P7573704 | M109: C1 | N109: =IF(_Shipments[[#This Row],[Embalagem]]="Big Bag",_Shipments[[#This Row],[Qtd.]]*_Shipments[[#This Row],[Qtde. sacos/palete]],_Shipments[[#This Row],[Qtd.]]) -> 160 | O109: =_xlfn.XLOOKUP(_Shipments[[#This Row],[CLN]],[2]Dados!$D:$D,[2]Dados!$R:$R,"-") -> 40 | P109: {=_xlfn.LET(_xlpm.t,_xlfn.XLOOKUP(_Shipments[[#This Row],[CLN]],[2]Dados!$D:$D,[2]Dados!$Q:$Q,"-"),_xlfn.IFS(LEFT(_xlpm.t,3)="PAS","Saco",LEFT(_xlpm.t,3)="PBT","Big Bag",TRUE,"-"))} -> Big Bag | Q109: =_xlfn.LET(_xlpm.p,_xlfn.XLOOKUP(_Shipments[[#This Row],[CLN]],[2]Dados!$D:$D,[2]Dados!$K:$K,"-"),_xlpm.n,_Shipments[[#This Row],[Qtde. sacos/palete]],IF(ISNUMBER(_xlpm.p),IF(_Shipments[[#This Row],[Embalagem]]="Big Bag",IF(ISNUMBER(_xlpm.n),_xlpm.p*_xlpm.n,"-"),_xlpm.p),"-")) -> 786 | R109: =IF(_Shipments[[#This Row],[Embalagem]]="Big Bag",_Shipments[[#This Row],[Qtd.]],ROUNDUP(_Shipments[[#This Row],[Qtd.]]/_Shipments[[#This Row],[Qtde. sacos/palete]],0)) -> 4 | S109: DANIEL HENRIQUE DE SOUSA | T109: 34996968579 | U109: JDP-0H00 | V109: QNE-8537 | W109: G10 TRANSPORTES S.A
A110: =_xlfn.XLOOKUP(_Shipments[[#This Row],[Shipment]],[1]Report!$G:$G,[1]Report!$B:$B,"-") -> 46290.333 | B110: 7242700 | C110: 5541984818 | D110: 1 | E110: P3845VYHR-B841 | F110: 20 | G110: CORTEVA AGRISCIENCE DO BRASIL LTDA. | H110: UBERLÂNDIA | I110: MG | J110: 20 | K110: 7573704 | L110: 03P7573704 | M110: C1 | N110: =IF(_Shipments[[#This Row],[Embalagem]]="Big Bag",_Shipments[[#This Row],[Qtd.]]*_Shipments[[#This Row],[Qtde. sacos/palete]],_Shipments[[#This Row],[Qtd.]]) -> 800 | O110: =_xlfn.XLOOKUP(_Shipments[[#This Row],[CLN]],[2]Dados!$D:$D,[2]Dados!$R:$R,"-") -> 40 | P110: {=_xlfn.LET(_xlpm.t,_xlfn.XLOOKUP(_Shipments[[#This Row],[CLN]],[2]Dados!$D:$D,[2]Dados!$Q:$Q,"-"),_xlfn.IFS(LEFT(_xlpm.t,3)="PAS","Saco",LEFT(_xlpm.t,3)="PBT","Big Bag",TRUE,"-"))} -> Big Bag | Q110: =_xlfn.LET(_xlpm.p,_xlfn.XLOOKUP(_Shipments[[#This Row],[CLN]],[2]Dados!$D:$D,[2]Dados!$K:$K,"-"),_xlpm.n,_Shipments[[#This Row],[Qtde. sacos/palete]],IF(ISNUMBER(_xlpm.p),IF(_Shipments[[#This Row],[Embalagem]]="Big Bag",IF(ISNUMBER(_xlpm.n),_xlpm.p*_xlpm.n,"-"),_xlpm.p),"-")) -> 786 | R110: =IF(_Shipments[[#This Row],[Embalagem]]="Big Bag",_Shipments[[#This Row],[Qtd.]],ROUNDUP(_Shipments[[#This Row],[Qtd.]]/_Shipments[[#This Row],[Qtde. sacos/palete]],0)) -> 20 | S110: NATANIEL CICERO DA SILVA | T110: 34999810409 | U110: KFA-6J66 | V110: GXH-5189 | W110: G10 TRANSPORTES S.A
A111: =_xlfn.XLOOKUP(_Shipments[[#This Row],[Shipment]],[1]Report!$G:$G,[1]Report!$B:$B,"-") -> 46289.333 | B111: 7242701 | C111: 5541989382 | D111: 1 | E111: P3845VYHR-B841 | F111: 10 | G111: CORTEVA AGRISCIENCE DO BRASIL LTDA. | H111: UBERLÂNDIA | I111: MG | J111: 10 | K111: 7573707 | L111: 03P7573707 | M111: C2 | N111: =IF(_Shipments[[#This Row],[Embalagem]]="Big Bag",_Shipments[[#This Row],[Qtd.]]*_Shipments[[#This Row],[Qtde. sacos/palete]],_Shipments[[#This Row],[Qtd.]]) -> 400 | O111: =_xlfn.XLOOKUP(_Shipments[[#This Row],[CLN]],[2]Dados!$D:$D,[2]Dados!$R:$R,"-") -> 40 | P111: {=_xlfn.LET(_xlpm.t,_xlfn.XLOOKUP(_Shipments[[#This Row],[CLN]],[2]Dados!$D:$D,[2]Dados!$Q:$Q,"-"),_xlfn.IFS(LEFT(_xlpm.t,3)="PAS","Saco",LEFT(_xlpm.t,3)="PBT","Big Bag",TRUE,"-"))} -> Big Bag | Q111: =_xlfn.LET(_xlpm.p,_xlfn.XLOOKUP(_Shipments[[#This Row],[CLN]],[2]Dados!$D:$D,[2]Dados!$K:$K,"-"),_xlpm.n,_Shipments[[#This Row],[Qtde. sacos/palete]],IF(ISNUMBER(_xlpm.p),IF(_Shipments[[#This Row],[Embalagem]]="Big Bag",IF(ISNUMBER(_xlpm.n),_xlpm.p*_xlpm.n,"-"),_xlpm.p),"-")) -> 689.2 | R111: =IF(_Shipments[[#This Row],[Embalagem]]="Big Bag",_Shipments[[#This Row],[Qtd.]],ROUNDUP(_Shipments[[#This Row],[Qtd.]]/_Shipments[[#This Row],[Qtde. sacos/palete]],0)) -> 10 | S111: JOAO BRAZ DE OLIVEIRA | T111: 34991337791 | U111: GZV-6349 | V111: ONR-6845 | W111: G10 TRANSPORTES S.A
A112: =_xlfn.XLOOKUP(_Shipments[[#This Row],[Shipment]],[1]Report!$G:$G,[1]Report!$B:$B,"-") -> 46289.333 | B112: 7242701 | C112: 5541989382 | D112: 2 | E112: P3845VYHR-B847 | F112: 11 | G112: CORTEVA AGRISCIENCE DO BRASIL LTDA. | H112: UBERLÂNDIA | I112: MG | J112: 11 | K112: 7574612 | L112: 03P7574612 | M112: C3 | N112: =IF(_Shipments[[#This Row],[Embalagem]]="Big Bag",_Shipments[[#This Row],[Qtd.]]*_Shipments[[#This Row],[Qtde. sacos/palete]],_Shipments[[#This Row],[Qtd.]]) -> 440 | O112: =_xlfn.XLOOKUP(_Shipments[[#This Row],[CLN]],[2]Dados!$D:$D,[2]Dados!$R:$R,"-") -> 40 | P112: {=_xlfn.LET(_xlpm.t,_xlfn.XLOOKUP(_Shipments[[#This Row],[CLN]],[2]Dados!$D:$D,[2]Dados!$Q:$Q,"-"),_xlfn.IFS(LEFT(_xlpm.t,3)="PAS","Saco",LEFT(_xlpm.t,3)="PBT","Big Bag",TRUE,"-"))} -> Big Bag | Q112: =_xlfn.LET(_xlpm.p,_xlfn.XLOOKUP(_Shipments[[#This Row],[CLN]],[2]Dados!$D:$D,[2]Dados!$K:$K,"-"),_xlpm.n,_Shipments[[#This Row],[Qtde. sacos/palete]],IF(ISNUMBER(_xlpm.p),IF(_Shipments[[#This Row],[Embalagem]]="Big Bag",IF(ISNUMBER(_xlpm.n),_xlpm.p*_xlpm.n,"-"),_xlpm.p),"-")) -> 596 | R112: =IF(_Shipments[[#This Row],[Embalagem]]="Big Bag",_Shipments[[#This Row],[Qtd.]],ROUNDUP(_Shipments[[#This Row],[Qtd.]]/_Shipments[[#This Row],[Qtde. sacos/palete]],0)) -> 11 | S112: JOAO BRAZ DE OLIVEIRA | T112: 34991337791 | U112: GZV-6349 | V112: ONR-6845 | W112: G10 TRANSPORTES S.A
A113: =_xlfn.XLOOKUP(_Shipments[[#This Row],[Shipment]],[1]Report!$G:$G,[1]Report!$B:$B,"-") -> 46289.375 | B113: 7242702 | C113: 5541989385 | D113: 1 | E113: P3845VYHR-B841 | F113: 21 | G113: CORTEVA AGRISCIENCE DO BRASIL LTDA. | H113: UBERLÂNDIA | I113: MG | J113: 21 | K113: 7573703 | L113: 03P7573703 | M113: C1 | N113: =IF(_Shipments[[#This Row],[Embalagem]]="Big Bag",_Shipments[[#This Row],[Qtd.]]*_Shipments[[#This Row],[Qtde. sacos/palete]],_Shipments[[#This Row],[Qtd.]]) -> 840 | O113: =_xlfn.XLOOKUP(_Shipments[[#This Row],[CLN]],[2]Dados!$D:$D,[2]Dados!$R:$R,"-") -> 40 | P113: {=_xlfn.LET(_xlpm.t,_xlfn.XLOOKUP(_Shipments[[#This Row],[CLN]],[2]Dados!$D:$D,[2]Dados!$Q:$Q,"-"),_xlfn.IFS(LEFT(_xlpm.t,3)="PAS","Saco",LEFT(_xlpm.t,3)="PBT","Big Bag",TRUE,"-"))} -> Big Bag | Q113: =_xlfn.LET(_xlpm.p,_xlfn.XLOOKUP(_Shipments[[#This Row],[CLN]],[2]Dados!$D:$D,[2]Dados!$K:$K,"-"),_xlpm.n,_Shipments[[#This Row],[Qtde. sacos/palete]],IF(ISNUMBER(_xlpm.p),IF(_Shipments[[#This Row],[Embalagem]]="Big Bag",IF(ISNUMBER(_xlpm.n),_xlpm.p*_xlpm.n,"-"),_xlpm.p),"-")) -> 782.8 | R113: =IF(_Shipments[[#This Row],[Embalagem]]="Big Bag",_Shipments[[#This Row],[Qtd.]],ROUNDUP(_Shipments[[#This Row],[Qtd.]]/_Shipments[[#This Row],[Qtde. sacos/palete]],0)) -> 21 | S113: NATANIEL CICERO DA SILVA | T113: 34999810409 | U113: KFA-6J66 | V113: GXH-5189 | W113: G10 TRANSPORTES S.A
A114: =_xlfn.XLOOKUP(_Shipments[[#This Row],[Shipment]],[1]Report!$G:$G,[1]Report!$B:$B,"-") -> 46289.375 | B114: 7242703 | C114: 5541989387 | D114: 1 | E114: P3845VYHR-B841 | F114: 20 | G114: CORTEVA AGRISCIENCE DO BRASIL LTDA. | H114: UBERLÂNDIA | I114: MG | J114: 20 | K114: 7573703 | L114: 03P7573703 | M114: C1 | N114: =IF(_Shipments[[#This Row],[Embalagem]]="Big Bag",_Shipments[[#This Row],[Qtd.]]*_Shipments[[#This Row],[Qtde. sacos/palete]],_Shipments[[#This Row],[Qtd.]]) -> 800 | O114: =_xlfn.XLOOKUP(_Shipments[[#This Row],[CLN]],[2]Dados!$D:$D,[2]Dados!$R:$R,"-") -> 40 | P114: {=_xlfn.LET(_xlpm.t,_xlfn.XLOOKUP(_Shipments[[#This Row],[CLN]],[2]Dados!$D:$D,[2]Dados!$Q:$Q,"-"),_xlfn.IFS(LEFT(_xlpm.t,3)="PAS","Saco",LEFT(_xlpm.t,3)="PBT","Big Bag",TRUE,"-"))} -> Big Bag | Q114: =_xlfn.LET(_xlpm.p,_xlfn.XLOOKUP(_Shipments[[#This Row],[CLN]],[2]Dados!$D:$D,[2]Dados!$K:$K,"-"),_xlpm.n,_Shipments[[#This Row],[Qtde. sacos/palete]],IF(ISNUMBER(_xlpm.p),IF(_Shipments[[#This Row],[Embalagem]]="Big Bag",IF(ISNUMBER(_xlpm.n),_xlpm.p*_xlpm.n,"-"),_xlpm.p),"-")) -> 782.8 | R114: =IF(_Shipments[[#This Row],[Embalagem]]="Big Bag",_Shipments[[#This Row],[Qtd.]],ROUNDUP(_Shipments[[#This Row],[Qtd.]]/_Shipments[[#This Row],[Qtde. sacos/palete]],0)) -> 20 | S114: ERNANI EUSTAQUIO DE SOUSA | T114: 34991030020 | U114: BCG-7A17 | V114: MSD-4B27 | W114: G10 TRANSPORTES S.A
A115: =_xlfn.XLOOKUP(_Shipments[[#This Row],[Shipment]],[1]Report!$G:$G,[1]Report!$B:$B,"-") -> 46290.333 | B115: 7242704 | C115: 5541989390 | D115: 1 | E115: P3845VYHR-B841 | F115: 16 | G115: CORTEVA AGRISCIENCE DO BRASIL LTDA. | H115: UBERLÂNDIA | I115: MG | J115: 16 | K115: 7566367 | L115: 03P7566367 | M115: C1 | N115: =IF(_Shipments[[#This Row],[Embalagem]]="Big Bag",_Shipments[[#This Row],[Qtd.]]*_Shipments[[#This Row],[Qtde. sacos/palete]],_Shipments[[#This Row],[Qtd.]]) -> 640 | O115: =_xlfn.XLOOKUP(_Shipments[[#This Row],[CLN]],[2]Dados!$D:$D,[2]Dados!$R:$R,"-") -> 40 | P115: {=_xlfn.LET(_xlpm.t,_xlfn.XLOOKUP(_Shipments[[#This Row],[CLN]],[2]Dados!$D:$D,[2]Dados!$Q:$Q,"-"),_xlfn.IFS(LEFT(_xlpm.t,3)="PAS","Saco",LEFT(_xlpm.t,3)="PBT","Big Bag",TRUE,"-"))} -> Big Bag | Q115: =_xlfn.LET(_xlpm.p,_xlfn.XLOOKUP(_Shipments[[#This Row],[CLN]],[2]Dados!$D:$D,[2]Dados!$K:$K,"-"),_xlpm.n,_Shipments[[#This Row],[Qtde. sacos/palete]],IF(ISNUMBER(_xlpm.p),IF(_Shipments[[#This Row],[Embalagem]]="Big Bag",IF(ISNUMBER(_xlpm.n),_xlpm.p*_xlpm.n,"-"),_xlpm.p),"-")) -> 782.8 | R115: =IF(_Shipments[[#This Row],[Embalagem]]="Big Bag",_Shipments[[#This Row],[Qtd.]],ROUNDUP(_Shipments[[#This Row],[Qtd.]]/_Shipments[[#This Row],[Qtde. sacos/palete]],0)) -> 16 | S115: ERNANI EUSTAQUIO DE SOUSA | T115: 34991030020 | U115: BCG-7A17 | V115: MSD-4B27 | W115: G10 TRANSPORTES S.A
A116: =_xlfn.XLOOKUP(_Shipments[[#This Row],[Shipment]],[1]Report!$G:$G,[1]Report!$B:$B,"-") -> 46290.333 | B116: 7242704 | C116: 5541989390 | D116: 2 | E116: P3845VYHR-B847 | F116: 5 | G116: CORTEVA AGRISCIENCE DO BRASIL LTDA. | H116: UBERLÂNDIA | I116: MG | J116: 5 | K116: 7573800 | L116: 03P7573800 | M116: C3 | N116: =IF(_Shipments[[#This Row],[Embalagem]]="Big Bag",_Shipments[[#This Row],[Qtd.]]*_Shipments[[#This Row],[Qtde. sacos/palete]],_Shipments[[#This Row],[Qtd.]]) -> 200 | O116: =_xlfn.XLOOKUP(_Shipments[[#This Row],[CLN]],[2]Dados!$D:$D,[2]Dados!$R:$R,"-") -> 40 | P116: {=_xlfn.LET(_xlpm.t,_xlfn.XLOOKUP(_Shipments[[#This Row],[CLN]],[2]Dados!$D:$D,[2]Dados!$Q:$Q,"-"),_xlfn.IFS(LEFT(_xlpm.t,3)="PAS","Saco",LEFT(_xlpm.t,3)="PBT","Big Bag",TRUE,"-"))} -> Big Bag | Q116: =_xlfn.LET(_xlpm.p,_xlfn.XLOOKUP(_Shipments[[#This Row],[CLN]],[2]Dados!$D:$D,[2]Dados!$K:$K,"-"),_xlpm.n,_Shipments[[#This Row],[Qtde. sacos/palete]],IF(ISNUMBER(_xlpm.p),IF(_Shipments[[#This Row],[Embalagem]]="Big Bag",IF(ISNUMBER(_xlpm.n),_xlpm.p*_xlpm.n,"-"),_xlpm.p),"-")) -> 567.6 | R116: =IF(_Shipments[[#This Row],[Embalagem]]="Big Bag",_Shipments[[#This Row],[Qtd.]],ROUNDUP(_Shipments[[#This Row],[Qtd.]]/_Shipments[[#This Row],[Qtde. sacos/palete]],0)) -> 5 | S116: ERNANI EUSTAQUIO DE SOUSA | T116: 34991030020 | U116: BCG-7A17 | V116: MSD-4B27 | W116: G10 TRANSPORTES S.A
A117: =_xlfn.XLOOKUP(_Shipments[[#This Row],[Shipment]],[1]Report!$G:$G,[1]Report!$B:$B,"-") -> 46279.333 | B117: 7242802 | C117: 5541984864 | D117: 1 | E117: P3845VYHR-B841 | F117: 21 | G117: CORTEVA AGRISCIENCE DO BRASIL LTDA. | H117: UBERLÂNDIA | I117: MG | J117: 21 | K117: 7518147 | L117: 03P7518147 | M117: C1 | N117: =IF(_Shipments[[#This Row],[Embalagem]]="Big Bag",_Shipments[[#This Row],[Qtd.]]*_Shipments[[#This Row],[Qtde. sacos/palete]],_Shipments[[#This Row],[Qtd.]]) -> 840 | O117: =_xlfn.XLOOKUP(_Shipments[[#This Row],[CLN]],[2]Dados!$D:$D,[2]Dados!$R:$R,"-") -> 40 | P117: {=_xlfn.LET(_xlpm.t,_xlfn.XLOOKUP(_Shipments[[#This Row],[CLN]],[2]Dados!$D:$D,[2]Dados!$Q:$Q,"-"),_xlfn.IFS(LEFT(_xlpm.t,3)="PAS","Saco",LEFT(_xlpm.t,3)="PBT","Big Bag",TRUE,"-"))} -> Big Bag | Q117: =_xlfn.LET(_xlpm.p,_xlfn.XLOOKUP(_Shipments[[#This Row],[CLN]],[2]Dados!$D:$D,[2]Dados!$K:$K,"-"),_xlpm.n,_Shipments[[#This Row],[Qtde. sacos/palete]],IF(ISNUMBER(_xlpm.p),IF(_Shipments[[#This Row],[Embalagem]]="Big Bag",IF(ISNUMBER(_xlpm.n),_xlpm.p*_xlpm.n,"-"),_xlpm.p),"-")) -> 692.8 | R117: =IF(_Shipments[[#This Row],[Embalagem]]="Big Bag",_Shipments[[#This Row],[Qtd.]],ROUNDUP(_Shipments[[#This Row],[Qtd.]]/_Shipments[[#This Row],[Qtde. sacos/palete]],0)) -> 21 | S117: ERNANI EUSTAQUIO DE SOUSA | T117: 34991030020 | U117: BCG-7A17 | V117: MSD-4B27 | W117: G10 TRANSPORTES S.A
A118: =_xlfn.XLOOKUP(_Shipments[[#This Row],[Shipment]],[1]Report!$G:$G,[1]Report!$B:$B,"-") -> 46279.333 | B118: 7242804 | C118: 5541984867 | D118: 1 | E118: P3845VYHR-B841 | F118: 21 | G118: CORTEVA AGRISCIENCE DO BRASIL LTDA. | H118: UBERLÂNDIA | I118: MG | J118: 21 | K118: 7561715 | L118: 03P7561715 | M118: C2 | N118: =IF(_Shipments[[#This Row],[Embalagem]]="Big Bag",_Shipments[[#This Row],[Qtd.]]*_Shipments[[#This Row],[Qtde. sacos/palete]],_Shipments[[#This Row],[Qtd.]]) -> 840 | O118: =_xlfn.XLOOKUP(_Shipments[[#This Row],[CLN]],[2]Dados!$D:$D,[2]Dados!$R:$R,"-") -> 40 | P118: {=_xlfn.LET(_xlpm.t,_xlfn.XLOOKUP(_Shipments[[#This Row],[CLN]],[2]Dados!$D:$D,[2]Dados!$Q:$Q,"-"),_xlfn.IFS(LEFT(_xlpm.t,3)="PAS","Saco",LEFT(_xlpm.t,3)="PBT","Big Bag",TRUE,"-"))} -> Big Bag | Q118: =_xlfn.LET(_xlpm.p,_xlfn.XLOOKUP(_Shipments[[#This Row],[CLN]],[2]Dados!$D:$D,[2]Dados!$K:$K,"-"),_xlpm.n,_Shipments[[#This Row],[Qtde. sacos/palete]],IF(ISNUMBER(_xlpm.p),IF(_Shipments[[#This Row],[Embalagem]]="Big Bag",IF(ISNUMBER(_xlpm.n),_xlpm.p*_xlpm.n,"-"),_xlpm.p),"-")) -> 598.8 | R118: =IF(_Shipments[[#This Row],[Embalagem]]="Big Bag",_Shipments[[#This Row],[Qtd.]],ROUNDUP(_Shipments[[#This Row],[Qtd.]]/_Shipments[[#This Row],[Qtde. sacos/palete]],0)) -> 21 | S118: RODRIGO DOS REIS VIEIRA | T118: 34997330803 | U118: HZM-8D37 | V118: OLF-8C62 | W118: G10 TRANSPORTES S.A
... A121: =_xlfn.XLOOKUP(_Shipments[[#This Row],[Shipment]],[1]Report!$G:$G,[1]Report!$B:$B,"-") -> 46279.375 | B121: 7242807 | C121: 5541984869 | D121: 1 | E121: P3845VYHR-B841 | F121: 21 | G121: CORTEVA AGRISCIENCE DO BRASIL LTDA. | H121: UBERLÂNDIA | I121: MG | J121: 21 | K121: 7518153 | L121: 03P7518153 | M121: C1 | N121: =IF(_Shipments[[#This Row],[Embalagem]]="Big Bag",_Shipments[[#This Row],[Qtd.]]*_Shipments[[#This Row],[Qtde. sacos/palete]],_Shipments[[#This Row],[Qtd.]]) -> 840 | O121: =_xlfn.XLOOKUP(_Shipments[[#This Row],[CLN]],[2]Dados!$D:$D,[2]Dados!$R:$R,"-") -> 40 | P121: {=_xlfn.LET(_xlpm.t,_xlfn.XLOOKUP(_Shipments[[#This Row],[CLN]],[2]Dados!$D:$D,[2]Dados!$Q:$Q,"-"),_xlfn.IFS(LEFT(_xlpm.t,3)="PAS","Saco",LEFT(_xlpm.t,3)="PBT","Big Bag",TRUE,"-"))} -> Big Bag | Q121: =_xlfn.LET(_xlpm.p,_xlfn.XLOOKUP(_Shipments[[#This Row],[CLN]],[2]Dados!$D:$D,[2]Dados!$K:$K,"-"),_xlpm.n,_Shipments[[#This Row],[Qtde. sacos/palete]],IF(ISNUMBER(_xlpm.p),IF(_Shipments[[#This Row],[Embalagem]]="Big Bag",IF(ISNUMBER(_xlpm.n),_xlpm.p*_xlpm.n,"-"),_xlpm.p),"-")) -> 796.4 | R121: =IF(_Shipments[[#This Row],[Embalagem]]="Big Bag",_Shipments[[#This Row],[Qtd.]],ROUNDUP(_Shipments[[#This Row],[Qtd.]]/_Shipments[[#This Row],[Qtde. sacos/palete]],0)) -> 21 | S121: LINDOMAR MOREIRA DE LIMA | T121: 34991718554 | U121: NFF-7194 | V121: ONC-5436 | W121: G10 TRANSPORTES S.A
A122: =_xlfn.XLOOKUP(_Shipments[[#This Row],[Shipment]],[1]Report!$G:$G,[1]Report!$B:$B,"-") -> 46280.333 | B122: 7242808 | C122: 5541984875 | D122: 1 | E122: P3845VYHR-B841 | F122: 9 | G122: CORTEVA AGRISCIENCE DO BRASIL LTDA. | H122: UBERLÂNDIA | I122: MG | J122: 9 | K122: 7518153 | L122: 03P7518153 | M122: C1 | N122: =IF(_Shipments[[#This Row],[Embalagem]]="Big Bag",_Shipments[[#This Row],[Qtd.]]*_Shipments[[#This Row],[Qtde. sacos/palete]],_Shipments[[#This Row],[Qtd.]]) -> 360 | O122: =_xlfn.XLOOKUP(_Shipments[[#This Row],[CLN]],[2]Dados!$D:$D,[2]Dados!$R:$R,"-") -> 40 | P122: {=_xlfn.LET(_xlpm.t,_xlfn.XLOOKUP(_Shipments[[#This Row],[CLN]],[2]Dados!$D:$D,[2]Dados!$Q:$Q,"-"),_xlfn.IFS(LEFT(_xlpm.t,3)="PAS","Saco",LEFT(_xlpm.t,3)="PBT","Big Bag",TRUE,"-"))} -> Big Bag | Q122: =_xlfn.LET(_xlpm.p,_xlfn.XLOOKUP(_Shipments[[#This Row],[CLN]],[2]Dados!$D:$D,[2]Dados!$K:$K,"-"),_xlpm.n,_Shipments[[#This Row],[Qtde. sacos/palete]],IF(ISNUMBER(_xlpm.p),IF(_Shipments[[#This Row],[Embalagem]]="Big Bag",IF(ISNUMBER(_xlpm.n),_xlpm.p*_xlpm.n,"-"),_xlpm.p),"-")) -> 796.4 | R122: =IF(_Shipments[[#This Row],[Embalagem]]="Big Bag",_Shipments[[#This Row],[Qtd.]],ROUNDUP(_Shipments[[#This Row],[Qtd.]]/_Shipments[[#This Row],[Qtde. sacos/palete]],0)) -> 9 | S122: MAURO FRANCISCO PEREIRA | T122: (34) 9 9916-1847 | U122: NZA-0F96 | V122: SYB-9E72 | W122: G10 TRANSPORTES S.A
A123: =_xlfn.XLOOKUP(_Shipments[[#This Row],[Shipment]],[1]Report!$G:$G,[1]Report!$B:$B,"-") -> 46280.333 | B123: 7242808 | C123: 5541984875 | D123: 2 | E123: P3845VYHR-B841 | F123: 12 | G123: CORTEVA AGRISCIENCE DO BRASIL LTDA. | H123: UBERLÂNDIA | I123: MG | J123: 12 | K123: 7518161 | L123: 03P7518161 | M123: C1 | N123: =IF(_Shipments[[#This Row],[Embalagem]]="Big Bag",_Shipments[[#This Row],[Qtd.]]*_Shipments[[#This Row],[Qtde. sacos/palete]],_Shipments[[#This Row],[Qtd.]]) -> 480 | O123: =_xlfn.XLOOKUP(_Shipments[[#This Row],[CLN]],[2]Dados!$D:$D,[2]Dados!$R:$R,"-") -> 40 | P123: {=_xlfn.LET(_xlpm.t,_xlfn.XLOOKUP(_Shipments[[#This Row],[CLN]],[2]Dados!$D:$D,[2]Dados!$Q:$Q,"-"),_xlfn.IFS(LEFT(_xlpm.t,3)="PAS","Saco",LEFT(_xlpm.t,3)="PBT","Big Bag",TRUE,"-"))} -> Big Bag | Q123: =_xlfn.LET(_xlpm.p,_xlfn.XLOOKUP(_Shipments[[#This Row],[CLN]],[2]Dados!$D:$D,[2]Dados!$K:$K,"-"),_xlpm.n,_Shipments[[#This Row],[Qtde. sacos/palete]],IF(ISNUMBER(_xlpm.p),IF(_Shipments[[#This Row],[Embalagem]]="Big Bag",IF(ISNUMBER(_xlpm.n),_xlpm.p*_xlpm.n,"-"),_xlpm.p),"-")) -> 788 | R123: =IF(_Shipments[[#This Row],[Embalagem]]="Big Bag",_Shipments[[#This Row],[Qtd.]],ROUNDUP(_Shipments[[#This Row],[Qtd.]]/_Shipments[[#This Row],[Qtde. sacos/palete]],0)) -> 12 | S123: MAURO FRANCISCO PEREIRA | T123: (34) 9 9916-1847 | U123: NZA-0F96 | V123: SYB-9E72 | W123: G10 TRANSPORTES S.A
A124: =_xlfn.XLOOKUP(_Shipments[[#This Row],[Shipment]],[1]Report!$G:$G,[1]Report!$B:$B,"-") -> 46280.333 | B124: 7242811 | C124: 5541984876 | D124: 1 | E124: P3845VYHR-B841 | F124: 20 | G124: CORTEVA AGRISCIENCE DO BRASIL LTDA. | H124: UBERLÂNDIA | I124: MG | J124: 20 | K124: 7518161 | L124: 03P7518161 | M124: C1 | N124: =IF(_Shipments[[#This Row],[Embalagem]]="Big Bag",_Shipments[[#This Row],[Qtd.]]*_Shipments[[#This Row],[Qtde. sacos/palete]],_Shipments[[#This Row],[Qtd.]]) -> 800 | O124: =_xlfn.XLOOKUP(_Shipments[[#This Row],[CLN]],[2]Dados!$D:$D,[2]Dados!$R:$R,"-") -> 40 | P124: {=_xlfn.LET(_xlpm.t,_xlfn.XLOOKUP(_Shipments[[#This Row],[CLN]],[2]Dados!$D:$D,[2]Dados!$Q:$Q,"-"),_xlfn.IFS(LEFT(_xlpm.t,3)="PAS","Saco",LEFT(_xlpm.t,3)="PBT","Big Bag",TRUE,"-"))} -> Big Bag | Q124: =_xlfn.LET(_xlpm.p,_xlfn.XLOOKUP(_Shipments[[#This Row],[CLN]],[2]Dados!$D:$D,[2]Dados!$K:$K,"-"),_xlpm.n,_Shipments[[#This Row],[Qtde. sacos/palete]],IF(ISNUMBER(_xlpm.p),IF(_Shipments[[#This Row],[Embalagem]]="Big Bag",IF(ISNUMBER(_xlpm.n),_xlpm.p*_xlpm.n,"-"),_xlpm.p),"-")) -> 788 | R124: =IF(_Shipments[[#This Row],[Embalagem]]="Big Bag",_Shipments[[#This Row],[Qtd.]],ROUNDUP(_Shipments[[#This Row],[Qtd.]]/_Shipments[[#This Row],[Qtde. sacos/palete]],0)) -> 20 | S124: JOSE VALDECIR CORREA | T124: (44) 9 9159-5938 | U124: BCO-0157 | V124: RHR-3J00 | W124: G10 TRANSPORTES S.A
A125: =_xlfn.XLOOKUP(_Shipments[[#This Row],[Shipment]],[1]Report!$G:$G,[1]Report!$B:$B,"-") -> 46280.375 | B125: 7242816 | C125: 5541984880 | D125: 1 | E125: P3845VYHR-B841 | F125: 21 | G125: CORTEVA AGRISCIENCE DO BRASIL LTDA. | H125: UBERLÂNDIA | I125: MG | J125: 21 | K125: 7561729 | L125: 03P7561729 | M125: C2 | N125: =IF(_Shipments[[#This Row],[Embalagem]]="Big Bag",_Shipments[[#This Row],[Qtd.]]*_Shipments[[#This Row],[Qtde. sacos/palete]],_Shipments[[#This Row],[Qtd.]]) -> 840 | O125: =_xlfn.XLOOKUP(_Shipments[[#This Row],[CLN]],[2]Dados!$D:$D,[2]Dados!$R:$R,"-") -> 40 | P125: {=_xlfn.LET(_xlpm.t,_xlfn.XLOOKUP(_Shipments[[#This Row],[CLN]],[2]Dados!$D:$D,[2]Dados!$Q:$Q,"-"),_xlfn.IFS(LEFT(_xlpm.t,3)="PAS","Saco",LEFT(_xlpm.t,3)="PBT","Big Bag",TRUE,"-"))} -> Big Bag | Q125: =_xlfn.LET(_xlpm.p,_xlfn.XLOOKUP(_Shipments[[#This Row],[CLN]],[2]Dados!$D:$D,[2]Dados!$K:$K,"-"),_xlpm.n,_Shipments[[#This Row],[Qtde. sacos/palete]],IF(ISNUMBER(_xlpm.p),IF(_Shipments[[#This Row],[Embalagem]]="Big Bag",IF(ISNUMBER(_xlpm.n),_xlpm.p*_xlpm.n,"-"),_xlpm.p),"-")) -> 698.8 | R125: =IF(_Shipments[[#This Row],[Embalagem]]="Big Bag",_Shipments[[#This Row],[Qtd.]],ROUNDUP(_Shipments[[#This Row],[Qtd.]]/_Shipments[[#This Row],[Qtde. sacos/palete]],0)) -> 21 | S125: JOAO BRAZ DE OLIVEIRA | T125: 34991337791 | U125: GZV-6349 | V125: ONR-6845 | W125: G10 TRANSPORTES S.A
A126: =_xlfn.XLOOKUP(_Shipments[[#This Row],[Shipment]],[1]Report!$G:$G,[1]Report!$B:$B,"-") -> 46280.375 | B126: 7242819 | C126: 5541984881 | D126: 1 | E126: P3845VYHR-B841 | F126: 5 | G126: CORTEVA AGRISCIENCE DO BRASIL LTDA. | H126: UBERLÂNDIA | I126: MG | J126: 5 | K126: 7561729 | L126: 03P7561729 | M126: C2 | N126: =IF(_Shipments[[#This Row],[Embalagem]]="Big Bag",_Shipments[[#This Row],[Qtd.]]*_Shipments[[#This Row],[Qtde. sacos/palete]],_Shipments[[#This Row],[Qtd.]]) -> 200 | O126: =_xlfn.XLOOKUP(_Shipments[[#This Row],[CLN]],[2]Dados!$D:$D,[2]Dados!$R:$R,"-") -> 40 | P126: {=_xlfn.LET(_xlpm.t,_xlfn.XLOOKUP(_Shipments[[#This Row],[CLN]],[2]Dados!$D:$D,[2]Dados!$Q:$Q,"-"),_xlfn.IFS(LEFT(_xlpm.t,3)="PAS","Saco",LEFT(_xlpm.t,3)="PBT","Big Bag",TRUE,"-"))} -> Big Bag | Q126: =_xlfn.LET(_xlpm.p,_xlfn.XLOOKUP(_Shipments[[#This Row],[CLN]],[2]Dados!$D:$D,[2]Dados!$K:$K,"-"),_xlpm.n,_Shipments[[#This Row],[Qtde. sacos/palete]],IF(ISNUMBER(_xlpm.p),IF(_Shipments[[#This Row],[Embalagem]]="Big Bag",IF(ISNUMBER(_xlpm.n),_xlpm.p*_xlpm.n,"-"),_xlpm.p),"-")) -> 698.8 | R126: =IF(_Shipments[[#This Row],[Embalagem]]="Big Bag",_Shipments[[#This Row],[Qtd.]],ROUNDUP(_Shipments[[#This Row],[Qtd.]]/_Shipments[[#This Row],[Qtde. sacos/palete]],0)) -> 5 | S126: NATANIEL CICERO DA SILVA | T126: 34999810409 | U126: KFA-6J66 | V126: GXH-5189 | W126: G10 TRANSPORTES S.A
A127: =_xlfn.XLOOKUP(_Shipments[[#This Row],[Shipment]],[1]Report!$G:$G,[1]Report!$B:$B,"-") -> 46280.375 | B127: 7242819 | C127: 5541984881 | D127: 2 | E127: P3845VYHR-B841 | F127: 16 | G127: CORTEVA AGRISCIENCE DO BRASIL LTDA. | H127: UBERLÂNDIA | I127: MG | J127: 16 | K127: 7518139 | L127: 03P7518139 | M127: C1 | N127: =IF(_Shipments[[#This Row],[Embalagem]]="Big Bag",_Shipments[[#This Row],[Qtd.]]*_Shipments[[#This Row],[Qtde. sacos/palete]],_Shipments[[#This Row],[Qtd.]]) -> 640 | O127: =_xlfn.XLOOKUP(_Shipments[[#This Row],[CLN]],[2]Dados!$D:$D,[2]Dados!$R:$R,"-") -> 40 | P127: {=_xlfn.LET(_xlpm.t,_xlfn.XLOOKUP(_Shipments[[#This Row],[CLN]],[2]Dados!$D:$D,[2]Dados!$Q:$Q,"-"),_xlfn.IFS(LEFT(_xlpm.t,3)="PAS","Saco",LEFT(_xlpm.t,3)="PBT","Big Bag",TRUE,"-"))} -> Big Bag | Q127: =_xlfn.LET(_xlpm.p,_xlfn.XLOOKUP(_Shipments[[#This Row],[CLN]],[2]Dados!$D:$D,[2]Dados!$K:$K,"-"),_xlpm.n,_Shipments[[#This Row],[Qtde. sacos/palete]],IF(ISNUMBER(_xlpm.p),IF(_Shipments[[#This Row],[Embalagem]]="Big Bag",IF(ISNUMBER(_xlpm.n),_xlpm.p*_xlpm.n,"-"),_xlpm.p),"-")) -> 673.6 | R127: =IF(_Shipments[[#This Row],[Embalagem]]="Big Bag",_Shipments[[#This Row],[Qtd.]],ROUNDUP(_Shipments[[#This Row],[Qtd.]]/_Shipments[[#This Row],[Qtde. sacos/palete]],0)) -> 16 | S127: NATANIEL CICERO DA SILVA | T127: 34999810409 | U127: KFA-6J66 | V127: GXH-5189 | W127: G10 TRANSPORTES S.A
A128: =_xlfn.XLOOKUP(_Shipments[[#This Row],[Shipment]],[1]Report!$G:$G,[1]Report!$B:$B,"-") -> 46281.333 | B128: 7242822 | C128: 5541984903 | D128: 1 | E128: P3845VYHR-B841 | F128: 21 | G128: CORTEVA AGRISCIENCE DO BRASIL LTDA. | H128: UBERLÂNDIA | I128: MG | J128: 21 | K128: 7518139 | L128: 03P7518139 | M128: C1 | N128: =IF(_Shipments[[#This Row],[Embalagem]]="Big Bag",_Shipments[[#This Row],[Qtd.]]*_Shipments[[#This Row],[Qtde. sacos/palete]],_Shipments[[#This Row],[Qtd.]]) -> 840 | O128: =_xlfn.XLOOKUP(_Shipments[[#This Row],[CLN]],[2]Dados!$D:$D,[2]Dados!$R:$R,"-") -> 40 | P128: {=_xlfn.LET(_xlpm.t,_xlfn.XLOOKUP(_Shipments[[#This Row],[CLN]],[2]Dados!$D:$D,[2]Dados!$Q:$Q,"-"),_xlfn.IFS(LEFT(_xlpm.t,3)="PAS","Saco",LEFT(_xlpm.t,3)="PBT","Big Bag",TRUE,"-"))} -> Big Bag | Q128: =_xlfn.LET(_xlpm.p,_xlfn.XLOOKUP(_Shipments[[#This Row],[CLN]],[2]Dados!$D:$D,[2]Dados!$K:$K,"-"),_xlpm.n,_Shipments[[#This Row],[Qtde. sacos/palete]],IF(ISNUMBER(_xlpm.p),IF(_Shipments[[#This Row],[Embalagem]]="Big Bag",IF(ISNUMBER(_xlpm.n),_xlpm.p*_xlpm.n,"-"),_xlpm.p),"-")) -> 673.6 | R128: =IF(_Shipments[[#This Row],[Embalagem]]="Big Bag",_Shipments[[#This Row],[Qtd.]],ROUNDUP(_Shipments[[#This Row],[Qtd.]]/_Shipments[[#This Row],[Qtde. sacos/palete]],0)) -> 21 | S128: RODRIGO DOS REIS VIEIRA | T128: 34997330803 | U128: HZM-8D37 | V128: OLF-8C62 | W128: G10 TRANSPORTES S.A
A129: =_xlfn.XLOOKUP(_Shipments[[#This Row],[Shipment]],[1]Report!$G:$G,[1]Report!$B:$B,"-") -> 46281.333 | B129: 7242827 | C129: 5541984905 | D129: 1 | E129: P3845VYHR-B841 | F129: 2 | G129: CORTEVA AGRISCIENCE DO BRASIL LTDA. | H129: UBERLÂNDIA | I129: MG | J129: 2 | K129: 7518139 | L129: 03P7518139 | M129: C1 | N129: =IF(_Shipments[[#This Row],[Embalagem]]="Big Bag",_Shipments[[#This Row],[Qtd.]]*_Shipments[[#This Row],[Qtde. sacos/palete]],_Shipments[[#This Row],[Qtd.]]) -> 80 | O129: =_xlfn.XLOOKUP(_Shipments[[#This Row],[CLN]],[2]Dados!$D:$D,[2]Dados!$R:$R,"-") -> 40 | P129: {=_xlfn.LET(_xlpm.t,_xlfn.XLOOKUP(_Shipments[[#This Row],[CLN]],[2]Dados!$D:$D,[2]Dados!$Q:$Q,"-"),_xlfn.IFS(LEFT(_xlpm.t,3)="PAS","Saco",LEFT(_xlpm.t,3)="PBT","Big Bag",TRUE,"-"))} -> Big Bag | Q129: =_xlfn.LET(_xlpm.p,_xlfn.XLOOKUP(_Shipments[[#This Row],[CLN]],[2]Dados!$D:$D,[2]Dados!$K:$K,"-"),_xlpm.n,_Shipments[[#This Row],[Qtde. sacos/palete]],IF(ISNUMBER(_xlpm.p),IF(_Shipments[[#This Row],[Embalagem]]="Big Bag",IF(ISNUMBER(_xlpm.n),_xlpm.p*_xlpm.n,"-"),_xlpm.p),"-")) -> 673.6 | R129: =IF(_Shipments[[#This Row],[Embalagem]]="Big Bag",_Shipments[[#This Row],[Qtd.]],ROUNDUP(_Shipments[[#This Row],[Qtd.]]/_Shipments[[#This Row],[Qtde. sacos/palete]],0)) -> 2 | S129: ERNANI EUSTAQUIO DE SOUSA | T129: 34991030020 | U129: BCG-7A17 | V129: MSD-4B27 | W129: G10 TRANSPORTES S.A
A130: =_xlfn.XLOOKUP(_Shipments[[#This Row],[Shipment]],[1]Report!$G:$G,[1]Report!$B:$B,"-") -> 46281.333 | B130: 7242827 | C130: 5541984905 | D130: 2 | E130: P3845VYHR-B841 | F130: 8 | G130: CORTEVA AGRISCIENCE DO BRASIL LTDA. | H130: UBERLÂNDIA | I130: MG | J130: 8 | K130: 7518148 | L130: 03P7518148 | M130: C1 | N130: =IF(_Shipments[[#This Row],[Embalagem]]="Big Bag",_Shipments[[#This Row],[Qtd.]]*_Shipments[[#This Row],[Qtde. sacos/palete]],_Shipments[[#This Row],[Qtd.]]) -> 320 | O130: =_xlfn.XLOOKUP(_Shipments[[#This Row],[CLN]],[2]Dados!$D:$D,[2]Dados!$R:$R,"-") -> 40 | P130: {=_xlfn.LET(_xlpm.t,_xlfn.XLOOKUP(_Shipments[[#This Row],[CLN]],[2]Dados!$D:$D,[2]Dados!$Q:$Q,"-"),_xlfn.IFS(LEFT(_xlpm.t,3)="PAS","Saco",LEFT(_xlpm.t,3)="PBT","Big Bag",TRUE,"-"))} -> Big Bag | Q130: =_xlfn.LET(_xlpm.p,_xlfn.XLOOKUP(_Shipments[[#This Row],[CLN]],[2]Dados!$D:$D,[2]Dados!$K:$K,"-"),_xlpm.n,_Shipments[[#This Row],[Qtde. sacos/palete]],IF(ISNUMBER(_xlpm.p),IF(_Shipments[[#This Row],[Embalagem]]="Big Bag",IF(ISNUMBER(_xlpm.n),_xlpm.p*_xlpm.n,"-"),_xlpm.p),"-")) -> 787.6 | R130: =IF(_Shipments[[#This Row],[Embalagem]]="Big Bag",_Shipments[[#This Row],[Qtd.]],ROUNDUP(_Shipments[[#This Row],[Qtd.]]/_Shipments[[#This Row],[Qtde. sacos/palete]],0)) -> 8 | S130: ERNANI EUSTAQUIO DE SOUSA | T130: 34991030020 | U130: BCG-7A17 | V130: MSD-4B27 | W130: G10 TRANSPORTES S.A
A131: =_xlfn.XLOOKUP(_Shipments[[#This Row],[Shipment]],[1]Report!$G:$G,[1]Report!$B:$B,"-") -> 46281.333 | B131: 7242827 | C131: 5541984905 | D131: 3 | E131: P3845VYHR-B841 | F131: 11 | G131: CORTEVA AGRISCIENCE DO BRASIL LTDA. | H131: UBERLÂNDIA | I131: MG | J131: 11 | K131: 7518156 | L131: 03P7518156 | M131: C1 | N131: =IF(_Shipments[[#This Row],[Embalagem]]="Big Bag",_Shipments[[#This Row],[Qtd.]]*_Shipments[[#This Row],[Qtde. sacos/palete]],_Shipments[[#This Row],[Qtd.]]) -> 440 | O131: =_xlfn.XLOOKUP(_Shipments[[#This Row],[CLN]],[2]Dados!$D:$D,[2]Dados!$R:$R,"-") -> 40 | P131: {=_xlfn.LET(_xlpm.t,_xlfn.XLOOKUP(_Shipments[[#This Row],[CLN]],[2]Dados!$D:$D,[2]Dados!$Q:$Q,"-"),_xlfn.IFS(LEFT(_xlpm.t,3)="PAS","Saco",LEFT(_xlpm.t,3)="PBT","Big Bag",TRUE,"-"))} -> Big Bag | Q131: =_xlfn.LET(_xlpm.p,_xlfn.XLOOKUP(_Shipments[[#This Row],[CLN]],[2]Dados!$D:$D,[2]Dados!$K:$K,"-"),_xlpm.n,_Shipments[[#This Row],[Qtde. sacos/palete]],IF(ISNUMBER(_xlpm.p),IF(_Shipments[[#This Row],[Embalagem]]="Big Bag",IF(ISNUMBER(_xlpm.n),_xlpm.p*_xlpm.n,"-"),_xlpm.p),"-")) -> 789.6 | R131: =IF(_Shipments[[#This Row],[Embalagem]]="Big Bag",_Shipments[[#This Row],[Qtd.]],ROUNDUP(_Shipments[[#This Row],[Qtd.]]/_Shipments[[#This Row],[Qtde. sacos/palete]],0)) -> 11 | S131: ERNANI EUSTAQUIO DE SOUSA | T131: 34991030020 | U131: BCG-7A17 | V131: MSD-4B27 | W131: G10 TRANSPORTES S.A
A132: =_xlfn.XLOOKUP(_Shipments[[#This Row],[Shipment]],[1]Report!$G:$G,[1]Report!$B:$B,"-") -> 46281.375 | B132: 7242830 | C132: 5541984913 | D132: 1 | E132: P3845VYHR-B841 | F132: 21 | G132: CORTEVA AGRISCIENCE DO BRASIL LTDA. | H132: UBERLÂNDIA | I132: MG | J132: 21 | K132: 7518148 | L132: 03P7518148 | M132: C1 | N132: =IF(_Shipments[[#This Row],[Embalagem]]="Big Bag",_Shipments[[#This Row],[Qtd.]]*_Shipments[[#This Row],[Qtde. sacos/palete]],_Shipments[[#This Row],[Qtd.]]) -> 840 | O132: =_xlfn.XLOOKUP(_Shipments[[#This Row],[CLN]],[2]Dados!$D:$D,[2]Dados!$R:$R,"-") -> 40 | P132: {=_xlfn.LET(_xlpm.t,_xlfn.XLOOKUP(_Shipments[[#This Row],[CLN]],[2]Dados!$D:$D,[2]Dados!$Q:$Q,"-"),_xlfn.IFS(LEFT(_xlpm.t,3)="PAS","Saco",LEFT(_xlpm.t,3)="PBT","Big Bag",TRUE,"-"))} -> Big Bag | Q132: =_xlfn.LET(_xlpm.p,_xlfn.XLOOKUP(_Shipments[[#This Row],[CLN]],[2]Dados!$D:$D,[2]Dados!$K:$K,"-"),_xlpm.n,_Shipments[[#This Row],[Qtde. sacos/palete]],IF(ISNUMBER(_xlpm.p),IF(_Shipments[[#This Row],[Embalagem]]="Big Bag",IF(ISNUMBER(_xlpm.n),_xlpm.p*_xlpm.n,"-"),_xlpm.p),"-")) -> 787.6 | R132: =IF(_Shipments[[#This Row],[Embalagem]]="Big Bag",_Shipments[[#This Row],[Qtd.]],ROUNDUP(_Shipments[[#This Row],[Qtd.]]/_Shipments[[#This Row],[Qtde. sacos/palete]],0)) -> 21 | S132: DANIEL HENRIQUE DE SOUSA | T132: 34996968579 | U132: JDP-0H00 | V132: QNE-8537 | W132: G10 TRANSPORTES S.A
A133: =_xlfn.XLOOKUP(_Shipments[[#This Row],[Shipment]],[1]Report!$G:$G,[1]Report!$B:$B,"-") -> 46281.375 | B133: 7242833 | C133: 5541984915 | D133: 1 | E133: P3845VYHR-B841 | F133: 20 | G133: CORTEVA AGRISCIENCE DO BRASIL LTDA. | H133: UBERLÂNDIA | I133: MG | J133: 20 | K133: 7518156 | L133: 03P7518156 | M133: C1 | N133: =IF(_Shipments[[#This Row],[Embalagem]]="Big Bag",_Shipments[[#This Row],[Qtd.]]*_Shipments[[#This Row],[Qtde. sacos/palete]],_Shipments[[#This Row],[Qtd.]]) -> 800 | O133: =_xlfn.XLOOKUP(_Shipments[[#This Row],[CLN]],[2]Dados!$D:$D,[2]Dados!$R:$R,"-") -> 40 | P133: {=_xlfn.LET(_xlpm.t,_xlfn.XLOOKUP(_Shipments[[#This Row],[CLN]],[2]Dados!$D:$D,[2]Dados!$Q:$Q,"-"),_xlfn.IFS(LEFT(_xlpm.t,3)="PAS","Saco",LEFT(_xlpm.t,3)="PBT","Big Bag",TRUE,"-"))} -> Big Bag | Q133: =_xlfn.LET(_xlpm.p,_xlfn.XLOOKUP(_Shipments[[#This Row],[CLN]],[2]Dados!$D:$D,[2]Dados!$K:$K,"-"),_xlpm.n,_Shipments[[#This Row],[Qtde. sacos/palete]],IF(ISNUMBER(_xlpm.p),IF(_Shipments[[#This Row],[Embalagem]]="Big Bag",IF(ISNUMBER(_xlpm.n),_xlpm.p*_xlpm.n,"-"),_xlpm.p),"-")) -> 789.6 | R133: =IF(_Shipments[[#This Row],[Embalagem]]="Big Bag",_Shipments[[#This Row],[Qtd.]],ROUNDUP(_Shipments[[#This Row],[Qtd.]]/_Shipments[[#This Row],[Qtde. sacos/palete]],0)) -> 20 | S133: RODRIGO DOS REIS VIEIRA | T133: 34997330803 | U133: HZM-8D37 | V133: OLF-8C62 | W133: G10 TRANSPORTES S.A
A134: =_xlfn.XLOOKUP(_Shipments[[#This Row],[Shipment]],[1]Report!$G:$G,[1]Report!$B:$B,"-") -> 46282.333 | B134: 7242836 | C134: 5541984917 | D134: 1 | E134: P3845VYHR-B845 | F134: 21 | G134: CORTEVA AGRISCIENCE DO BRASIL LTDA. | H134: UBERLÂNDIA | I134: MG | J134: 21 | K134: 7518204 | L134: 03P7518204 | M134: R3 | N134: =IF(_Shipments[[#This Row],[Embalagem]]="Big Bag",_Shipments[[#This Row],[Qtd.]]*_Shipments[[#This Row],[Qtde. sacos/palete]],_Shipments[[#This Row],[Qtd.]]) -> 840 | O134: =_xlfn.XLOOKUP(_Shipments[[#This Row],[CLN]],[2]Dados!$D:$D,[2]Dados!$R:$R,"-") -> 40 | P134: {=_xlfn.LET(_xlpm.t,_xlfn.XLOOKUP(_Shipments[[#This Row],[CLN]],[2]Dados!$D:$D,[2]Dados!$Q:$Q,"-"),_xlfn.IFS(LEFT(_xlpm.t,3)="PAS","Saco",LEFT(_xlpm.t,3)="PBT","Big Bag",TRUE,"-"))} -> Big Bag | Q134: =_xlfn.LET(_xlpm.p,_xlfn.XLOOKUP(_Shipments[[#This Row],[CLN]],[2]Dados!$D:$D,[2]Dados!$K:$K,"-"),_xlpm.n,_Shipments[[#This Row],[Qtde. sacos/palete]],IF(ISNUMBER(_xlpm.p),IF(_Shipments[[#This Row],[Embalagem]]="Big Bag",IF(ISNUMBER(_xlpm.n),_xlpm.p*_xlpm.n,"-"),_xlpm.p),"-")) -> 667.6 | R134: =IF(_Shipments[[#This Row],[Embalagem]]="Big Bag",_Shipments[[#This Row],[Qtd.]],ROUNDUP(_Shipments[[#This Row],[Qtd.]]/_Shipments[[#This Row],[Qtde. sacos/palete]],0)) -> 21 | S134: JULIO CESAR DE OLIVEIRA | T134: 34999248710 | U134: AZN-6580 | V134: ORA-1733 | W134: G10 TRANSPORTES S.A
A135: =_xlfn.XLOOKUP(_Shipments[[#This Row],[Shipment]],[1]Report!$G:$G,[1]Report!$B:$B,"-") -> 46282.333 | B135: 7242839 | C135: 5541984920 | D135: 1 | E135: P3845VYHR-B845 | F135: 11 | G135: CORTEVA AGRISCIENCE DO BRASIL LTDA. | H135: UBERLÂNDIA | I135: MG | J135: 11 | K135: 7518204 | L135: 03P7518204 | M135: R3 | N135: =IF(_Shipments[[#This Row],[Embalagem]]="Big Bag",_Shipments[[#This Row],[Qtd.]]*_Shipments[[#This Row],[Qtde. sacos/palete]],_Shipments[[#This Row],[Qtd.]]) -> 440 | O135: =_xlfn.XLOOKUP(_Shipments[[#This Row],[CLN]],[2]Dados!$D:$D,[2]Dados!$R:$R,"-") -> 40 | P135: {=_xlfn.LET(_xlpm.t,_xlfn.XLOOKUP(_Shipments[[#This Row],[CLN]],[2]Dados!$D:$D,[2]Dados!$Q:$Q,"-"),_xlfn.IFS(LEFT(_xlpm.t,3)="PAS","Saco",LEFT(_xlpm.t,3)="PBT","Big Bag",TRUE,"-"))} -> Big Bag | Q135: =_xlfn.LET(_xlpm.p,_xlfn.XLOOKUP(_Shipments[[#This Row],[CLN]],[2]Dados!$D:$D,[2]Dados!$K:$K,"-"),_xlpm.n,_Shipments[[#This Row],[Qtde. sacos/palete]],IF(ISNUMBER(_xlpm.p),IF(_Shipments[[#This Row],[Embalagem]]="Big Bag",IF(ISNUMBER(_xlpm.n),_xlpm.p*_xlpm.n,"-"),_xlpm.p),"-")) -> 667.6 | R135: =IF(_Shipments[[#This Row],[Embalagem]]="Big Bag",_Shipments[[#This Row],[Qtd.]],ROUNDUP(_Shipments[[#This Row],[Qtd.]]/_Shipments[[#This Row],[Qtde. sacos/palete]],0)) -> 11 | S135: ERNANI EUSTAQUIO DE SOUSA | T135: 34991030020 | U135: BCG-7A17 | V135: MSD-4B27 | W135: G10 TRANSPORTES S.A
A136: =_xlfn.XLOOKUP(_Shipments[[#This Row],[Shipment]],[1]Report!$G:$G,[1]Report!$B:$B,"-") -> 46282.333 | B136: 7242839 | C136: 5541984920 | D136: 2 | E136: P3845VYHR-B841 | F136: 9 | G136: CORTEVA AGRISCIENCE DO BRASIL LTDA. | H136: UBERLÂNDIA | I136: MG | J136: 9 | K136: 7566372 | L136: 03P7566372 | M136: C2 | N136: =IF(_Shipments[[#This Row],[Embalagem]]="Big Bag",_Shipments[[#This Row],[Qtd.]]*_Shipments[[#This Row],[Qtde. sacos/palete]],_Shipments[[#This Row],[Qtd.]]) -> 360 | O136: =_xlfn.XLOOKUP(_Shipments[[#This Row],[CLN]],[2]Dados!$D:$D,[2]Dados!$R:$R,"-") -> 40 | P136: {=_xlfn.LET(_xlpm.t,_xlfn.XLOOKUP(_Shipments[[#This Row],[CLN]],[2]Dados!$D:$D,[2]Dados!$Q:$Q,"-"),_xlfn.IFS(LEFT(_xlpm.t,3)="PAS","Saco",LEFT(_xlpm.t,3)="PBT","Big Bag",TRUE,"-"))} -> Big Bag | Q136: =_xlfn.LET(_xlpm.p,_xlfn.XLOOKUP(_Shipments[[#This Row],[CLN]],[2]Dados!$D:$D,[2]Dados!$K:$K,"-"),_xlpm.n,_Shipments[[#This Row],[Qtde. sacos/palete]],IF(ISNUMBER(_xlpm.p),IF(_Shipments[[#This Row],[Embalagem]]="Big Bag",IF(ISNUMBER(_xlpm.n),_xlpm.p*_xlpm.n,"-"),_xlpm.p),"-")) -> 690.8 | R136: =IF(_Shipments[[#This Row],[Embalagem]]="Big Bag",_Shipments[[#This Row],[Qtd.]],ROUNDUP(_Shipments[[#This Row],[Qtd.]]/_Shipments[[#This Row],[Qtde. sacos/palete]],0)) -> 9 | S136: ERNANI EUSTAQUIO DE SOUSA | T136: 34991030020 | U136: BCG-7A17 | V136: MSD-4B27 | W136: G10 TRANSPORTES S.A
A137: =_xlfn.XLOOKUP(_Shipments[[#This Row],[Shipment]],[1]Report!$G:$G,[1]Report!$B:$B,"-") -> 46282.375 | B137: 7242843 | C137: 5541984922 | D137: 1 | E137: P3845VYHR-B841 | F137: 20 | G137: CORTEVA AGRISCIENCE DO BRASIL LTDA. | H137: UBERLÂNDIA | I137: MG | J137: 20 | K137: 7566372 | L137: 03P7566372 | M137: C2 | N137: =IF(_Shipments[[#This Row],[Embalagem]]="Big Bag",_Shipments[[#This Row],[Qtd.]]*_Shipments[[#This Row],[Qtde. sacos/palete]],_Shipments[[#This Row],[Qtd.]]) -> 800 | O137: =_xlfn.XLOOKUP(_Shipments[[#This Row],[CLN]],[2]Dados!$D:$D,[2]Dados!$R:$R,"-") -> 40 | P137: {=_xlfn.LET(_xlpm.t,_xlfn.XLOOKUP(_Shipments[[#This Row],[CLN]],[2]Dados!$D:$D,[2]Dados!$Q:$Q,"-"),_xlfn.IFS(LEFT(_xlpm.t,3)="PAS","Saco",LEFT(_xlpm.t,3)="PBT","Big Bag",TRUE,"-"))} -> Big Bag | Q137: =_xlfn.LET(_xlpm.p,_xlfn.XLOOKUP(_Shipments[[#This Row],[CLN]],[2]Dados!$D:$D,[2]Dados!$K:$K,"-"),_xlpm.n,_Shipments[[#This Row],[Qtde. sacos/palete]],IF(ISNUMBER(_xlpm.p),IF(_Shipments[[#This Row],[Embalagem]]="Big Bag",IF(ISNUMBER(_xlpm.n),_xlpm.p*_xlpm.n,"-"),_xlpm.p),"-")) -> 690.8 | R137: =IF(_Shipments[[#This Row],[Embalagem]]="Big Bag",_Shipments[[#This Row],[Qtd.]],ROUNDUP(_Shipments[[#This Row],[Qtd.]]/_Shipments[[#This Row],[Qtde. sacos/palete]],0)) -> 20 | S137: JOAO BRAZ DE OLIVEIRA | T137: 34991337791 | U137: GZV-6349 | V137: ONR-6845 | W137: G10 TRANSPORTES S.A
A138: =_xlfn.XLOOKUP(_Shipments[[#This Row],[Shipment]],[1]Report!$G:$G,[1]Report!$B:$B,"-") -> 46282.375 | B138: 7242844 | C138: 5541984923 | D138: 1 | E138: P3845VYHR-B844 | F138: 21 | G138: CORTEVA AGRISCIENCE DO BRASIL LTDA. | H138: UBERLÂNDIA | I138: MG | J138: 21 | K138: 7518221 | L138: 03P7518221 | M138: R2 | N138: =IF(_Shipments[[#This Row],[Embalagem]]="Big Bag",_Shipments[[#This Row],[Qtd.]]*_Shipments[[#This Row],[Qtde. sacos/palete]],_Shipments[[#This Row],[Qtd.]]) -> 840 | O138: =_xlfn.XLOOKUP(_Shipments[[#This Row],[CLN]],[2]Dados!$D:$D,[2]Dados!$R:$R,"-") -> 40 | P138: {=_xlfn.LET(_xlpm.t,_xlfn.XLOOKUP(_Shipments[[#This Row],[CLN]],[2]Dados!$D:$D,[2]Dados!$Q:$Q,"-"),_xlfn.IFS(LEFT(_xlpm.t,3)="PAS","Saco",LEFT(_xlpm.t,3)="PBT","Big Bag",TRUE,"-"))} -> Big Bag | Q138: =_xlfn.LET(_xlpm.p,_xlfn.XLOOKUP(_Shipments[[#This Row],[CLN]],[2]Dados!$D:$D,[2]Dados!$K:$K,"-"),_xlpm.n,_Shipments[[#This Row],[Qtde. sacos/palete]],IF(ISNUMBER(_xlpm.p),IF(_Shipments[[#This Row],[Embalagem]]="Big Bag",IF(ISNUMBER(_xlpm.n),_xlpm.p*_xlpm.n,"-"),_xlpm.p),"-")) -> 762 | R138: =IF(_Shipments[[#This Row],[Embalagem]]="Big Bag",_Shipments[[#This Row],[Qtd.]],ROUNDUP(_Shipments[[#This Row],[Qtd.]]/_Shipments[[#This Row],[Qtde. sacos/palete]],0)) -> 21 | S138: DANIEL HENRIQUE DE SOUSA | T138: 34996968579 | U138: JDP-0H00 | V138: QNE-8537 | W138: G10 TRANSPORTES S.A
A139: =_xlfn.XLOOKUP(_Shipments[[#This Row],[Shipment]],[1]Report!$G:$G,[1]Report!$B:$B,"-") -> 46283.333 | B139: 7242847 | C139: 5541984925 | D139: 1 | E139: P3845VYHR-B844 | F139: 1 | G139: CORTEVA AGRISCIENCE DO BRASIL LTDA. | H139: UBERLÂNDIA | I139: MG | J139: 1 | K139: 7518221 | L139: 03P7518221 | M139: R2 | N139: =IF(_Shipments[[#This Row],[Embalagem]]="Big Bag",_Shipments[[#This Row],[Qtd.]]*_Shipments[[#This Row],[Qtde. sacos/palete]],_Shipments[[#This Row],[Qtd.]]) -> 40 | O139: =_xlfn.XLOOKUP(_Shipments[[#This Row],[CLN]],[2]Dados!$D:$D,[2]Dados!$R:$R,"-") -> 40 | P139: {=_xlfn.LET(_xlpm.t,_xlfn.XLOOKUP(_Shipments[[#This Row],[CLN]],[2]Dados!$D:$D,[2]Dados!$Q:$Q,"-"),_xlfn.IFS(LEFT(_xlpm.t,3)="PAS","Saco",LEFT(_xlpm.t,3)="PBT","Big Bag",TRUE,"-"))} -> Big Bag | Q139: =_xlfn.LET(_xlpm.p,_xlfn.XLOOKUP(_Shipments[[#This Row],[CLN]],[2]Dados!$D:$D,[2]Dados!$K:$K,"-"),_xlpm.n,_Shipments[[#This Row],[Qtde. sacos/palete]],IF(ISNUMBER(_xlpm.p),IF(_Shipments[[#This Row],[Embalagem]]="Big Bag",IF(ISNUMBER(_xlpm.n),_xlpm.p*_xlpm.n,"-"),_xlpm.p),"-")) -> 762 | R139: =IF(_Shipments[[#This Row],[Embalagem]]="Big Bag",_Shipments[[#This Row],[Qtd.]],ROUNDUP(_Shipments[[#This Row],[Qtd.]]/_Shipments[[#This Row],[Qtde. sacos/palete]],0)) -> 1 | S139: ERNANI EUSTAQUIO DE SOUSA | T139: 34991030020 | U139: BCG-7A17 | V139: MSD-4B27 | W139: G10 TRANSPORTES S.A
A140: =_xlfn.XLOOKUP(_Shipments[[#This Row],[Shipment]],[1]Report!$G:$G,[1]Report!$B:$B,"-") -> 46283.333 | B140: 7242847 | C140: 5541984925 | D140: 2 | E140: P3845VYHR-B841 | F140: 20 | G140: CORTEVA AGRISCIENCE DO BRASIL LTDA. | H140: UBERLÂNDIA | I140: MG | J140: 20 | K140: 7566369 | L140: 03P7566369 | M140: C2 | N140: =IF(_Shipments[[#This Row],[Embalagem]]="Big Bag",_Shipments[[#This Row],[Qtd.]]*_Shipments[[#This Row],[Qtde. sacos/palete]],_Shipments[[#This Row],[Qtd.]]) -> 800 | O140: =_xlfn.XLOOKUP(_Shipments[[#This Row],[CLN]],[2]Dados!$D:$D,[2]Dados!$R:$R,"-") -> 40 | P140: {=_xlfn.LET(_xlpm.t,_xlfn.XLOOKUP(_Shipments[[#This Row],[CLN]],[2]Dados!$D:$D,[2]Dados!$Q:$Q,"-"),_xlfn.IFS(LEFT(_xlpm.t,3)="PAS","Saco",LEFT(_xlpm.t,3)="PBT","Big Bag",TRUE,"-"))} -> Big Bag | Q140: =_xlfn.LET(_xlpm.p,_xlfn.XLOOKUP(_Shipments[[#This Row],[CLN]],[2]Dados!$D:$D,[2]Dados!$K:$K,"-"),_xlpm.n,_Shipments[[#This Row],[Qtde. sacos/palete]],IF(ISNUMBER(_xlpm.p),IF(_Shipments[[#This Row],[Embalagem]]="Big Bag",IF(ISNUMBER(_xlpm.n),_xlpm.p*_xlpm.n,"-"),_xlpm.p),"-")) -> 707.2 | R140: =IF(_Shipments[[#This Row],[Embalagem]]="Big Bag",_Shipments[[#This Row],[Qtd.]],ROUNDUP(_Shipments[[#This Row],[Qtd.]]/_Shipments[[#This Row],[Qtde. sacos/palete]],0)) -> 20 | S140: ERNANI EUSTAQUIO DE SOUSA | T140: 34991030020 | U140: BCG-7A17 | V140: MSD-4B27 | W140: G10 TRANSPORTES S.A
A141: =_xlfn.XLOOKUP(_Shipments[[#This Row],[Shipment]],[1]Report!$G:$G,[1]Report!$B:$B,"-") -> 46283.333 | B141: 7242848 | C141: 5541984927 | D141: 1 | E141: P3845VYHR-B841 | F141: 6 | G141: CORTEVA AGRISCIENCE DO BRASIL LTDA. | H141: UBERLÂNDIA | I141: MG | J141: 6 | K141: 7566369 | L141: 03P7566369 | M141: C2 | N141: =IF(_Shipments[[#This Row],[Embalagem]]="Big Bag",_Shipments[[#This Row],[Qtd.]]*_Shipments[[#This Row],[Qtde. sacos/palete]],_Shipments[[#This Row],[Qtd.]]) -> 240 | O141: =_xlfn.XLOOKUP(_Shipments[[#This Row],[CLN]],[2]Dados!$D:$D,[2]Dados!$R:$R,"-") -> 40 | P141: {=_xlfn.LET(_xlpm.t,_xlfn.XLOOKUP(_Shipments[[#This Row],[CLN]],[2]Dados!$D:$D,[2]Dados!$Q:$Q,"-"),_xlfn.IFS(LEFT(_xlpm.t,3)="PAS","Saco",LEFT(_xlpm.t,3)="PBT","Big Bag",TRUE,"-"))} -> Big Bag | Q141: =_xlfn.LET(_xlpm.p,_xlfn.XLOOKUP(_Shipments[[#This Row],[CLN]],[2]Dados!$D:$D,[2]Dados!$K:$K,"-"),_xlpm.n,_Shipments[[#This Row],[Qtde. sacos/palete]],IF(ISNUMBER(_xlpm.p),IF(_Shipments[[#This Row],[Embalagem]]="Big Bag",IF(ISNUMBER(_xlpm.n),_xlpm.p*_xlpm.n,"-"),_xlpm.p),"-")) -> 707.2 | R141: =IF(_Shipments[[#This Row],[Embalagem]]="Big Bag",_Shipments[[#This Row],[Qtd.]],ROUNDUP(_Shipments[[#This Row],[Qtd.]]/_Shipments[[#This Row],[Qtde. sacos/palete]],0)) -> 6 | S141: NATANIEL CICERO DA SILVA | T141: 34999810409 | U141: KFA-6J66 | V141: GXH-5189 | W141: G10 TRANSPORTES S.A
A142: =_xlfn.XLOOKUP(_Shipments[[#This Row],[Shipment]],[1]Report!$G:$G,[1]Report!$B:$B,"-") -> 46283.333 | B142: 7242848 | C142: 5541984927 | D142: 2 | E142: P3845VYHR-B841 | F142: 15 | G142: CORTEVA AGRISCIENCE DO BRASIL LTDA. | H142: UBERLÂNDIA | I142: MG | J142: 15 | K142: 7566371 | L142: 03P7566371 | M142: C2 | N142: =IF(_Shipments[[#This Row],[Embalagem]]="Big Bag",_Shipments[[#This Row],[Qtd.]]*_Shipments[[#This Row],[Qtde. sacos/palete]],_Shipments[[#This Row],[Qtd.]]) -> 600 | O142: =_xlfn.XLOOKUP(_Shipments[[#This Row],[CLN]],[2]Dados!$D:$D,[2]Dados!$R:$R,"-") -> 40 | P142: {=_xlfn.LET(_xlpm.t,_xlfn.XLOOKUP(_Shipments[[#This Row],[CLN]],[2]Dados!$D:$D,[2]Dados!$Q:$Q,"-"),_xlfn.IFS(LEFT(_xlpm.t,3)="PAS","Saco",LEFT(_xlpm.t,3)="PBT","Big Bag",TRUE,"-"))} -> Big Bag | Q142: =_xlfn.LET(_xlpm.p,_xlfn.XLOOKUP(_Shipments[[#This Row],[CLN]],[2]Dados!$D:$D,[2]Dados!$K:$K,"-"),_xlpm.n,_Shipments[[#This Row],[Qtde. sacos/palete]],IF(ISNUMBER(_xlpm.p),IF(_Shipments[[#This Row],[Embalagem]]="Big Bag",IF(ISNUMBER(_xlpm.n),_xlpm.p*_xlpm.n,"-"),_xlpm.p),"-")) -> 700.8 | R142: =IF(_Shipments[[#This Row],[Embalagem]]="Big Bag",_Shipments[[#This Row],[Qtd.]],ROUNDUP(_Shipments[[#This Row],[Qtd.]]/_Shipments[[#This Row],[Qtde. sacos/palete]],0)) -> 15 | S142: NATANIEL CICERO DA SILVA | T142: 34999810409 | U142: KFA-6J66 | V142: GXH-5189 | W142: G10 TRANSPORTES S.A
A143: =_xlfn.XLOOKUP(_Shipments[[#This Row],[Shipment]],[1]Report!$G:$G,[1]Report!$B:$B,"-") -> 46283.375 | B143: 7242850 | C143: 5541984928 | D143: 1 | E143: P3845VYHR-B841 | F143: 9 | G143: CORTEVA AGRISCIENCE DO BRASIL LTDA. | H143: UBERLÂNDIA | I143: MG | J143: 9 | K143: 7566371 | L143: 03P7566371 | M143: C2 | N143: =IF(_Shipments[[#This Row],[Embalagem]]="Big Bag",_Shipments[[#This Row],[Qtd.]]*_Shipments[[#This Row],[Qtde. sacos/palete]],_Shipments[[#This Row],[Qtd.]]) -> 360 | O143: =_xlfn.XLOOKUP(_Shipments[[#This Row],[CLN]],[2]Dados!$D:$D,[2]Dados!$R:$R,"-") -> 40 | P143: {=_xlfn.LET(_xlpm.t,_xlfn.XLOOKUP(_Shipments[[#This Row],[CLN]],[2]Dados!$D:$D,[2]Dados!$Q:$Q,"-"),_xlfn.IFS(LEFT(_xlpm.t,3)="PAS","Saco",LEFT(_xlpm.t,3)="PBT","Big Bag",TRUE,"-"))} -> Big Bag | Q143: =_xlfn.LET(_xlpm.p,_xlfn.XLOOKUP(_Shipments[[#This Row],[CLN]],[2]Dados!$D:$D,[2]Dados!$K:$K,"-"),_xlpm.n,_Shipments[[#This Row],[Qtde. sacos/palete]],IF(ISNUMBER(_xlpm.p),IF(_Shipments[[#This Row],[Embalagem]]="Big Bag",IF(ISNUMBER(_xlpm.n),_xlpm.p*_xlpm.n,"-"),_xlpm.p),"-")) -> 700.8 | R143: =IF(_Shipments[[#This Row],[Embalagem]]="Big Bag",_Shipments[[#This Row],[Qtd.]],ROUNDUP(_Shipments[[#This Row],[Qtd.]]/_Shipments[[#This Row],[Qtde. sacos/palete]],0)) -> 9 | S143: MAURINO DA SILVA CUSTODIO | T143: 44999250098 | U143: AWF-9A13 | V143: SFH-0I25 | W143: G10 TRANSPORTES S.A
A144: =_xlfn.XLOOKUP(_Shipments[[#This Row],[Shipment]],[1]Report!$G:$G,[1]Report!$B:$B,"-") -> 46283.375 | B144: 7242850 | C144: 5541984928 | D144: 2 | E144: P3845VYHR-B841 | F144: 12 | G144: CORTEVA AGRISCIENCE DO BRASIL LTDA. | H144: UBERLÂNDIA | I144: MG | J144: 12 | K144: 7566373 | L144: 03P7566373 | M144: C2 | N144: =IF(_Shipments[[#This Row],[Embalagem]]="Big Bag",_Shipments[[#This Row],[Qtd.]]*_Shipments[[#This Row],[Qtde. sacos/palete]],_Shipments[[#This Row],[Qtd.]]) -> 480 | O144: =_xlfn.XLOOKUP(_Shipments[[#This Row],[CLN]],[2]Dados!$D:$D,[2]Dados!$R:$R,"-") -> 40 | P144: {=_xlfn.LET(_xlpm.t,_xlfn.XLOOKUP(_Shipments[[#This Row],[CLN]],[2]Dados!$D:$D,[2]Dados!$Q:$Q,"-"),_xlfn.IFS(LEFT(_xlpm.t,3)="PAS","Saco",LEFT(_xlpm.t,3)="PBT","Big Bag",TRUE,"-"))} -> Big Bag | Q144: =_xlfn.LET(_xlpm.p,_xlfn.XLOOKUP(_Shipments[[#This Row],[CLN]],[2]Dados!$D:$D,[2]Dados!$K:$K,"-"),_xlpm.n,_Shipments[[#This Row],[Qtde. sacos/palete]],IF(ISNUMBER(_xlpm.p),IF(_Shipments[[#This Row],[Embalagem]]="Big Bag",IF(ISNUMBER(_xlpm.n),_xlpm.p*_xlpm.n,"-"),_xlpm.p),"-")) -> 700.4 | R144: =IF(_Shipments[[#This Row],[Embalagem]]="Big Bag",_Shipments[[#This Row],[Qtd.]],ROUNDUP(_Shipments[[#This Row],[Qtd.]]/_Shipments[[#This Row],[Qtde. sacos/palete]],0)) -> 12 | S144: MAURINO DA SILVA CUSTODIO | T144: 44999250098 | U144: AWF-9A13 | V144: SFH-0I25 | W144: G10 TRANSPORTES S.A
... A190: =_xlfn.XLOOKUP(_Shipments[[#This Row],[Shipment]],[1]Report!$G:$G,[1]Report!$B:$B,"-") -> 46296.333 | B190: 7248680 | C190: 5541989629 | D190: 2 | E190: P3889R-B826 | F190: 11 | G190: CORTEVA AGRISCIENCE DO BRASIL LTDA. | H190: UBERLÂNDIA | I190: MG | J190: 11 | K190: 7609023 | L190: 03P7609023 | M190: R4 | N190: =IF(_Shipments[[#This Row],[Embalagem]]="Big Bag",_Shipments[[#This Row],[Qtd.]]*_Shipments[[#This Row],[Qtde. sacos/palete]],_Shipments[[#This Row],[Qtd.]]) -> 11 | O190: =_xlfn.XLOOKUP(_Shipments[[#This Row],[CLN]],[2]Dados!$D:$D,[2]Dados!$R:$R,"-") -> 70 | P190: {=_xlfn.LET(_xlpm.t,_xlfn.XLOOKUP(_Shipments[[#This Row],[CLN]],[2]Dados!$D:$D,[2]Dados!$Q:$Q,"-"),_xlfn.IFS(LEFT(_xlpm.t,3)="PAS","Saco",LEFT(_xlpm.t,3)="PBT","Big Bag",TRUE,"-"))} -> Saco | Q190: =_xlfn.LET(_xlpm.p,_xlfn.XLOOKUP(_Shipments[[#This Row],[CLN]],[2]Dados!$D:$D,[2]Dados!$K:$K,"-"),_xlpm.n,_Shipments[[#This Row],[Qtde. sacos/palete]],IF(ISNUMBER(_xlpm.p),IF(_Shipments[[#This Row],[Embalagem]]="Big Bag",IF(ISNUMBER(_xlpm.n),_xlpm.p*_xlpm.n,"-"),_xlpm.p),"-")) -> 13.74 | R190: =IF(_Shipments[[#This Row],[Embalagem]]="Big Bag",_Shipments[[#This Row],[Qtd.]],ROUNDUP(_Shipments[[#This Row],[Qtd.]]/_Shipments[[#This Row],[Qtde. sacos/palete]],0)) -> 1 | S190: JOAO BRAZ DE OLIVEIRA | T190: 34991337791 | U190: GZV-6349 | V190: ONR-6845 | W190: G10 TRANSPORTES S.A
A191: =_xlfn.XLOOKUP(_Shipments[[#This Row],[Shipment]],[1]Report!$G:$G,[1]Report!$B:$B,"-") -> 46296.333 | B191: 7248682 | C191: 5541989630 | D191: 1 | E191: P3889R-B835 | F191: 17 | G191: CORTEVA AGRISCIENCE DO BRASIL LTDA. | H191: UBERLÂNDIA | I191: MG | J191: 17 | K191: 7600705 | L191: 03P7600705 | M191: R3 | N191: =IF(_Shipments[[#This Row],[Embalagem]]="Big Bag",_Shipments[[#This Row],[Qtd.]]*_Shipments[[#This Row],[Qtde. sacos/palete]],_Shipments[[#This Row],[Qtd.]]) -> 850 | O191: =_xlfn.XLOOKUP(_Shipments[[#This Row],[CLN]],[2]Dados!$D:$D,[2]Dados!$R:$R,"-") -> 50 | P191: {=_xlfn.LET(_xlpm.t,_xlfn.XLOOKUP(_Shipments[[#This Row],[CLN]],[2]Dados!$D:$D,[2]Dados!$Q:$Q,"-"),_xlfn.IFS(LEFT(_xlpm.t,3)="PAS","Saco",LEFT(_xlpm.t,3)="PBT","Big Bag",TRUE,"-"))} -> Big Bag | Q191: =_xlfn.LET(_xlpm.p,_xlfn.XLOOKUP(_Shipments[[#This Row],[CLN]],[2]Dados!$D:$D,[2]Dados!$K:$K,"-"),_xlpm.n,_Shipments[[#This Row],[Qtde. sacos/palete]],IF(ISNUMBER(_xlpm.p),IF(_Shipments[[#This Row],[Embalagem]]="Big Bag",IF(ISNUMBER(_xlpm.n),_xlpm.p*_xlpm.n,"-"),_xlpm.p),"-")) -> 760 | R191: =IF(_Shipments[[#This Row],[Embalagem]]="Big Bag",_Shipments[[#This Row],[Qtd.]],ROUNDUP(_Shipments[[#This Row],[Qtd.]]/_Shipments[[#This Row],[Qtde. sacos/palete]],0)) -> 17 | W191: G10 TRANSPORTES S.A
A192: =_xlfn.XLOOKUP(_Shipments[[#This Row],[Shipment]],[1]Report!$G:$G,[1]Report!$B:$B,"-") -> 46296.375 | B192: 7248684 | C192: 5541989631 | D192: 1 | E192: P3889R-B836 | F192: 14 | G192: CORTEVA AGRISCIENCE DO BRASIL LTDA. | H192: UBERLÂNDIA | I192: MG | J192: 14 | K192: 7600741 | L192: 03P7600741 | M192: R4 | N192: =IF(_Shipments[[#This Row],[Embalagem]]="Big Bag",_Shipments[[#This Row],[Qtd.]]*_Shipments[[#This Row],[Qtde. sacos/palete]],_Shipments[[#This Row],[Qtd.]]) -> 700 | O192: =_xlfn.XLOOKUP(_Shipments[[#This Row],[CLN]],[2]Dados!$D:$D,[2]Dados!$R:$R,"-") -> 50 | P192: {=_xlfn.LET(_xlpm.t,_xlfn.XLOOKUP(_Shipments[[#This Row],[CLN]],[2]Dados!$D:$D,[2]Dados!$Q:$Q,"-"),_xlfn.IFS(LEFT(_xlpm.t,3)="PAS","Saco",LEFT(_xlpm.t,3)="PBT","Big Bag",TRUE,"-"))} -> Big Bag | Q192: =_xlfn.LET(_xlpm.p,_xlfn.XLOOKUP(_Shipments[[#This Row],[CLN]],[2]Dados!$D:$D,[2]Dados!$K:$K,"-"),_xlpm.n,_Shipments[[#This Row],[Qtde. sacos/palete]],IF(ISNUMBER(_xlpm.p),IF(_Shipments[[#This Row],[Embalagem]]="Big Bag",IF(ISNUMBER(_xlpm.n),_xlpm.p*_xlpm.n,"-"),_xlpm.p),"-")) -> 687 | R192: =IF(_Shipments[[#This Row],[Embalagem]]="Big Bag",_Shipments[[#This Row],[Qtd.]],ROUNDUP(_Shipments[[#This Row],[Qtd.]]/_Shipments[[#This Row],[Qtde. sacos/palete]],0)) -> 14 | S192: NATANIEL CICERO DA SILVA | T192: 34999810409 | U192: KFA-6J66 | V192: GXH-5189 | W192: G10 TRANSPORTES S.A
A193: =_xlfn.XLOOKUP(_Shipments[[#This Row],[Shipment]],[1]Report!$G:$G,[1]Report!$B:$B,"-") -> 46296.375 | B193: 7248684 | C193: 5541989631 | D193: 2 | E193: P3889R-B831 | F193: 4 | G193: CORTEVA AGRISCIENCE DO BRASIL LTDA. | H193: UBERLÂNDIA | I193: MG | J193: 4 | K193: 7600765 | L193: 03P7600765 | M193: C2 | N193: =IF(_Shipments[[#This Row],[Embalagem]]="Big Bag",_Shipments[[#This Row],[Qtd.]]*_Shipments[[#This Row],[Qtde. sacos/palete]],_Shipments[[#This Row],[Qtd.]]) -> 200 | O193: =_xlfn.XLOOKUP(_Shipments[[#This Row],[CLN]],[2]Dados!$D:$D,[2]Dados!$R:$R,"-") -> 50 | P193: {=_xlfn.LET(_xlpm.t,_xlfn.XLOOKUP(_Shipments[[#This Row],[CLN]],[2]Dados!$D:$D,[2]Dados!$Q:$Q,"-"),_xlfn.IFS(LEFT(_xlpm.t,3)="PAS","Saco",LEFT(_xlpm.t,3)="PBT","Big Bag",TRUE,"-"))} -> Big Bag | Q193: =_xlfn.LET(_xlpm.p,_xlfn.XLOOKUP(_Shipments[[#This Row],[CLN]],[2]Dados!$D:$D,[2]Dados!$K:$K,"-"),_xlpm.n,_Shipments[[#This Row],[Qtde. sacos/palete]],IF(ISNUMBER(_xlpm.p),IF(_Shipments[[#This Row],[Embalagem]]="Big Bag",IF(ISNUMBER(_xlpm.n),_xlpm.p*_xlpm.n,"-"),_xlpm.p),"-")) -> 756.5 | R193: =IF(_Shipments[[#This Row],[Embalagem]]="Big Bag",_Shipments[[#This Row],[Qtd.]],ROUNDUP(_Shipments[[#This Row],[Qtd.]]/_Shipments[[#This Row],[Qtde. sacos/palete]],0)) -> 4 | S193: NATANIEL CICERO DA SILVA | T193: 34999810409 | U193: KFA-6J66 | V193: GXH-5189 | W193: G10 TRANSPORTES S.A
A194: =_xlfn.XLOOKUP(_Shipments[[#This Row],[Shipment]],[1]Report!$G:$G,[1]Report!$B:$B,"-") -> 46296.375 | B194: 7248685 | C194: 5541989632 | D194: 1 | E194: P3889R-B831 | F194: 7 | G194: CORTEVA AGRISCIENCE DO BRASIL LTDA. | H194: UBERLÂNDIA | I194: MG | J194: 7 | K194: 7600765 | L194: 03P7600765 | M194: C2 | N194: =IF(_Shipments[[#This Row],[Embalagem]]="Big Bag",_Shipments[[#This Row],[Qtd.]]*_Shipments[[#This Row],[Qtde. sacos/palete]],_Shipments[[#This Row],[Qtd.]]) -> 350 | O194: =_xlfn.XLOOKUP(_Shipments[[#This Row],[CLN]],[2]Dados!$D:$D,[2]Dados!$R:$R,"-") -> 50 | P194: {=_xlfn.LET(_xlpm.t,_xlfn.XLOOKUP(_Shipments[[#This Row],[CLN]],[2]Dados!$D:$D,[2]Dados!$Q:$Q,"-"),_xlfn.IFS(LEFT(_xlpm.t,3)="PAS","Saco",LEFT(_xlpm.t,3)="PBT","Big Bag",TRUE,"-"))} -> Big Bag | Q194: =_xlfn.LET(_xlpm.p,_xlfn.XLOOKUP(_Shipments[[#This Row],[CLN]],[2]Dados!$D:$D,[2]Dados!$K:$K,"-"),_xlpm.n,_Shipments[[#This Row],[Qtde. sacos/palete]],IF(ISNUMBER(_xlpm.p),IF(_Shipments[[#This Row],[Embalagem]]="Big Bag",IF(ISNUMBER(_xlpm.n),_xlpm.p*_xlpm.n,"-"),_xlpm.p),"-")) -> 756.5 | R194: =IF(_Shipments[[#This Row],[Embalagem]]="Big Bag",_Shipments[[#This Row],[Qtd.]],ROUNDUP(_Shipments[[#This Row],[Qtd.]]/_Shipments[[#This Row],[Qtde. sacos/palete]],0)) -> 7 | S194: MAX RICARDO PANTALEAO | T194: 34998133614 | U194: CLJ-0296 | V194: GIN-2F15 | W194: G10 TRANSPORTES S.A
A195: =_xlfn.XLOOKUP(_Shipments[[#This Row],[Shipment]],[1]Report!$G:$G,[1]Report!$B:$B,"-") -> 46296.375 | B195: 7248685 | C195: 5541989632 | D195: 2 | E195: P3889R-B832 | F195: 11 | G195: CORTEVA AGRISCIENCE DO BRASIL LTDA. | H195: UBERLÂNDIA | I195: MG | J195: 11 | K195: 7600779 | L195: 03P7600779 | M195: C3 | N195: =IF(_Shipments[[#This Row],[Embalagem]]="Big Bag",_Shipments[[#This Row],[Qtd.]]*_Shipments[[#This Row],[Qtde. sacos/palete]],_Shipments[[#This Row],[Qtd.]]) -> 550 | O195: =_xlfn.XLOOKUP(_Shipments[[#This Row],[CLN]],[2]Dados!$D:$D,[2]Dados!$R:$R,"-") -> 50 | P195: {=_xlfn.LET(_xlpm.t,_xlfn.XLOOKUP(_Shipments[[#This Row],[CLN]],[2]Dados!$D:$D,[2]Dados!$Q:$Q,"-"),_xlfn.IFS(LEFT(_xlpm.t,3)="PAS","Saco",LEFT(_xlpm.t,3)="PBT","Big Bag",TRUE,"-"))} -> Big Bag | Q195: =_xlfn.LET(_xlpm.p,_xlfn.XLOOKUP(_Shipments[[#This Row],[CLN]],[2]Dados!$D:$D,[2]Dados!$K:$K,"-"),_xlpm.n,_Shipments[[#This Row],[Qtde. sacos/palete]],IF(ISNUMBER(_xlpm.p),IF(_Shipments[[#This Row],[Embalagem]]="Big Bag",IF(ISNUMBER(_xlpm.n),_xlpm.p*_xlpm.n,"-"),_xlpm.p),"-")) -> 678.5 | R195: =IF(_Shipments[[#This Row],[Embalagem]]="Big Bag",_Shipments[[#This Row],[Qtd.]],ROUNDUP(_Shipments[[#This Row],[Qtd.]]/_Shipments[[#This Row],[Qtde. sacos/palete]],0)) -> 11 | S195: MAX RICARDO PANTALEAO | T195: 34998133614 | U195: CLJ-0296 | V195: GIN-2F15 | W195: G10 TRANSPORTES S.A
A196: =_xlfn.XLOOKUP(_Shipments[[#This Row],[Shipment]],[1]Report!$G:$G,[1]Report!$B:$B,"-") -> 46296.375 | B196: 7248685 | C196: 5541989632 | D196: 3 | E196: P3889R-B822 | F196: 42 | G196: CORTEVA AGRISCIENCE DO BRASIL LTDA. | H196: UBERLÂNDIA | I196: MG | J196: 42 | K196: 7609082 | L196: 03P7609082 | M196: C3 | N196: =IF(_Shipments[[#This Row],[Embalagem]]="Big Bag",_Shipments[[#This Row],[Qtd.]]*_Shipments[[#This Row],[Qtde. sacos/palete]],_Shipments[[#This Row],[Qtd.]]) -> 42 | O196: =_xlfn.XLOOKUP(_Shipments[[#This Row],[CLN]],[2]Dados!$D:$D,[2]Dados!$R:$R,"-") -> 70 | P196: {=_xlfn.LET(_xlpm.t,_xlfn.XLOOKUP(_Shipments[[#This Row],[CLN]],[2]Dados!$D:$D,[2]Dados!$Q:$Q,"-"),_xlfn.IFS(LEFT(_xlpm.t,3)="PAS","Saco",LEFT(_xlpm.t,3)="PBT","Big Bag",TRUE,"-"))} -> Saco | Q196: =_xlfn.LET(_xlpm.p,_xlfn.XLOOKUP(_Shipments[[#This Row],[CLN]],[2]Dados!$D:$D,[2]Dados!$K:$K,"-"),_xlpm.n,_Shipments[[#This Row],[Qtde. sacos/palete]],IF(ISNUMBER(_xlpm.p),IF(_Shipments[[#This Row],[Embalagem]]="Big Bag",IF(ISNUMBER(_xlpm.n),_xlpm.p*_xlpm.n,"-"),_xlpm.p),"-")) -> 13.57 | R196: =IF(_Shipments[[#This Row],[Embalagem]]="Big Bag",_Shipments[[#This Row],[Qtd.]],ROUNDUP(_Shipments[[#This Row],[Qtd.]]/_Shipments[[#This Row],[Qtde. sacos/palete]],0)) -> 1 | S196: MAX RICARDO PANTALEAO | T196: 34998133614 | U196: CLJ-0296 | V196: GIN-2F15 | W196: G10 TRANSPORTES S.A
A197: =_xlfn.XLOOKUP(_Shipments[[#This Row],[Shipment]],[1]Report!$G:$G,[1]Report!$B:$B,"-") -> 46295.333 | B197: 7248712 | C197: 5541989199 | D197: 1 | E197: B2811PWU-B825 | F197: 600 | G197: INTERLOG SOLUCOES LOGISTICAS LTDA | H197: UBERLANDIA | I197: MG | J197: 600 | K197: 7571352 | L197: 03P7571352 | M197: R3 | N197: =IF(_Shipments[[#This Row],[Embalagem]]="Big Bag",_Shipments[[#This Row],[Qtd.]]*_Shipments[[#This Row],[Qtde. sacos/palete]],_Shipments[[#This Row],[Qtd.]]) -> 600 | O197: =_xlfn.XLOOKUP(_Shipments[[#This Row],[CLN]],[2]Dados!$D:$D,[2]Dados!$R:$R,"-") -> 60 | P197: {=_xlfn.LET(_xlpm.t,_xlfn.XLOOKUP(_Shipments[[#This Row],[CLN]],[2]Dados!$D:$D,[2]Dados!$Q:$Q,"-"),_xlfn.IFS(LEFT(_xlpm.t,3)="PAS","Saco",LEFT(_xlpm.t,3)="PBT","Big Bag",TRUE,"-"))} -> Saco | Q197: =_xlfn.LET(_xlpm.p,_xlfn.XLOOKUP(_Shipments[[#This Row],[CLN]],[2]Dados!$D:$D,[2]Dados!$K:$K,"-"),_xlpm.n,_Shipments[[#This Row],[Qtde. sacos/palete]],IF(ISNUMBER(_xlpm.p),IF(_Shipments[[#This Row],[Embalagem]]="Big Bag",IF(ISNUMBER(_xlpm.n),_xlpm.p*_xlpm.n,"-"),_xlpm.p),"-")) -> 16.12 | R197: =IF(_Shipments[[#This Row],[Embalagem]]="Big Bag",_Shipments[[#This Row],[Qtd.]],ROUNDUP(_Shipments[[#This Row],[Qtd.]]/_Shipments[[#This Row],[Qtde. sacos/palete]],0)) -> 10 | S197: JOSE DOS REIS TEODORO | T197: 34991525469 | U197: AHO-3975 | V197: PYP-8J98 | W197: G10 TRANSPORTES S.A
A198: =_xlfn.XLOOKUP(_Shipments[[#This Row],[Shipment]],[1]Report!$G:$G,[1]Report!$B:$B,"-") -> 46295.333 | B198: 7248712 | C198: 5541989199 | D198: 2 | E198: P3889R-B835 | F198: 10 | G198: INTERLOG SOLUCOES LOGISTICAS LTDA | H198: UBERLANDIA | I198: MG | J198: 10 | K198: 7600823 | L198: 03P7600823 | M198: R3C | N198: =IF(_Shipments[[#This Row],[Embalagem]]="Big Bag",_Shipments[[#This Row],[Qtd.]]*_Shipments[[#This Row],[Qtde. sacos/palete]],_Shipments[[#This Row],[Qtd.]]) -> 500 | O198: =_xlfn.XLOOKUP(_Shipments[[#This Row],[CLN]],[2]Dados!$D:$D,[2]Dados!$R:$R,"-") -> 50 | P198: {=_xlfn.LET(_xlpm.t,_xlfn.XLOOKUP(_Shipments[[#This Row],[CLN]],[2]Dados!$D:$D,[2]Dados!$Q:$Q,"-"),_xlfn.IFS(LEFT(_xlpm.t,3)="PAS","Saco",LEFT(_xlpm.t,3)="PBT","Big Bag",TRUE,"-"))} -> Big Bag | Q198: =_xlfn.LET(_xlpm.p,_xlfn.XLOOKUP(_Shipments[[#This Row],[CLN]],[2]Dados!$D:$D,[2]Dados!$K:$K,"-"),_xlpm.n,_Shipments[[#This Row],[Qtde. sacos/palete]],IF(ISNUMBER(_xlpm.p),IF(_Shipments[[#This Row],[Embalagem]]="Big Bag",IF(ISNUMBER(_xlpm.n),_xlpm.p*_xlpm.n,"-"),_xlpm.p),"-")) -> 707.5 | R198: =IF(_Shipments[[#This Row],[Embalagem]]="Big Bag",_Shipments[[#This Row],[Qtd.]],ROUNDUP(_Shipments[[#This Row],[Qtd.]]/_Shipments[[#This Row],[Qtde. sacos/palete]],0)) -> 10 | S198: JOSE DOS REIS TEODORO | T198: 34991525469 | U198: AHO-3975 | V198: PYP-8J98 | W198: G10 TRANSPORTES S.A
A199: =_xlfn.XLOOKUP(_Shipments[[#This Row],[Shipment]],[1]Report!$G:$G,[1]Report!$B:$B,"-") -> 46294.333 | B199: 7251557 | C199: 5541991011 | D199: 1 | E199: B2811PWU-B825 | F199: 1177 | G199: INTERLOG SOLUCOES LOGISTICAS LTDA | H199: UBERLANDIA | I199: MG | J199: 1177 | K199: 7571351 | L199: 03P7571351 | M199: R3 | N199: =IF(_Shipments[[#This Row],[Embalagem]]="Big Bag",_Shipments[[#This Row],[Qtd.]]*_Shipments[[#This Row],[Qtde. sacos/palete]],_Shipments[[#This Row],[Qtd.]]) -> 1177 | O199: =_xlfn.XLOOKUP(_Shipments[[#This Row],[CLN]],[2]Dados!$D:$D,[2]Dados!$R:$R,"-") -> 60 | P199: {=_xlfn.LET(_xlpm.t,_xlfn.XLOOKUP(_Shipments[[#This Row],[CLN]],[2]Dados!$D:$D,[2]Dados!$Q:$Q,"-"),_xlfn.IFS(LEFT(_xlpm.t,3)="PAS","Saco",LEFT(_xlpm.t,3)="PBT","Big Bag",TRUE,"-"))} -> Saco | Q199: =_xlfn.LET(_xlpm.p,_xlfn.XLOOKUP(_Shipments[[#This Row],[CLN]],[2]Dados!$D:$D,[2]Dados!$K:$K,"-"),_xlpm.n,_Shipments[[#This Row],[Qtde. sacos/palete]],IF(ISNUMBER(_xlpm.p),IF(_Shipments[[#This Row],[Embalagem]]="Big Bag",IF(ISNUMBER(_xlpm.n),_xlpm.p*_xlpm.n,"-"),_xlpm.p),"-")) -> 15.87 | R199: =IF(_Shipments[[#This Row],[Embalagem]]="Big Bag",_Shipments[[#This Row],[Qtd.]],ROUNDUP(_Shipments[[#This Row],[Qtd.]]/_Shipments[[#This Row],[Qtde. sacos/palete]],0)) -> 20 | S199: NATANIEL CICERO DA SILVA | T199: 34999810409 | U199: KFA-6J66 | V199: GXH-5189 | W199: G10 TRANSPORTES S.A
A200: =_xlfn.XLOOKUP(_Shipments[[#This Row],[Shipment]],[1]Report!$G:$G,[1]Report!$B:$B,"-") -> 46297.333 | B200: 7253432 | C200: 5541992131 | D200: 1 | E200: P3889R-B831 | F200: 5 | G200: CORTEVA AGRISCIENCE DO BRASIL LTDA. | H200: UBERLÂNDIA | I200: MG | J200: 5 | K200: 7600752 | L200: 03P7600752 | M200: C1 | N200: =IF(_Shipments[[#This Row],[Embalagem]]="Big Bag",_Shipments[[#This Row],[Qtd.]]*_Shipments[[#This Row],[Qtde. sacos/palete]],_Shipments[[#This Row],[Qtd.]]) -> 250 | O200: =_xlfn.XLOOKUP(_Shipments[[#This Row],[CLN]],[2]Dados!$D:$D,[2]Dados!$R:$R,"-") -> 50 | P200: {=_xlfn.LET(_xlpm.t,_xlfn.XLOOKUP(_Shipments[[#This Row],[CLN]],[2]Dados!$D:$D,[2]Dados!$Q:$Q,"-"),_xlfn.IFS(LEFT(_xlpm.t,3)="PAS","Saco",LEFT(_xlpm.t,3)="PBT","Big Bag",TRUE,"-"))} -> Big Bag | Q200: =_xlfn.LET(_xlpm.p,_xlfn.XLOOKUP(_Shipments[[#This Row],[CLN]],[2]Dados!$D:$D,[2]Dados!$K:$K,"-"),_xlpm.n,_Shipments[[#This Row],[Qtde. sacos/palete]],IF(ISNUMBER(_xlpm.p),IF(_Shipments[[#This Row],[Embalagem]]="Big Bag",IF(ISNUMBER(_xlpm.n),_xlpm.p*_xlpm.n,"-"),_xlpm.p),"-")) -> 834.5 | R200: =IF(_Shipments[[#This Row],[Embalagem]]="Big Bag",_Shipments[[#This Row],[Qtd.]],ROUNDUP(_Shipments[[#This Row],[Qtd.]]/_Shipments[[#This Row],[Qtde. sacos/palete]],0)) -> 5 | W200: G10 TRANSPORTES S.A
A201: =_xlfn.XLOOKUP(_Shipments[[#This Row],[Shipment]],[1]Report!$G:$G,[1]Report!$B:$B,"-") -> 46297.333 | B201: 7253432 | C201: 5541992131 | D201: 2 | E201: P3889R-B831 | F201: 16 | G201: CORTEVA AGRISCIENCE DO BRASIL LTDA. | H201: UBERLÂNDIA | I201: MG | J201: 16 | K201: 7600767 | L201: 03P7600767 | M201: C2 | N201: =IF(_Shipments[[#This Row],[Embalagem]]="Big Bag",_Shipments[[#This Row],[Qtd.]]*_Shipments[[#This Row],[Qtde. sacos/palete]],_Shipments[[#This Row],[Qtd.]]) -> 800 | O201: =_xlfn.XLOOKUP(_Shipments[[#This Row],[CLN]],[2]Dados!$D:$D,[2]Dados!$R:$R,"-") -> 50 | P201: {=_xlfn.LET(_xlpm.t,_xlfn.XLOOKUP(_Shipments[[#This Row],[CLN]],[2]Dados!$D:$D,[2]Dados!$Q:$Q,"-"),_xlfn.IFS(LEFT(_xlpm.t,3)="PAS","Saco",LEFT(_xlpm.t,3)="PBT","Big Bag",TRUE,"-"))} -> Big Bag | Q201: =_xlfn.LET(_xlpm.p,_xlfn.XLOOKUP(_Shipments[[#This Row],[CLN]],[2]Dados!$D:$D,[2]Dados!$K:$K,"-"),_xlpm.n,_Shipments[[#This Row],[Qtde. sacos/palete]],IF(ISNUMBER(_xlpm.p),IF(_Shipments[[#This Row],[Embalagem]]="Big Bag",IF(ISNUMBER(_xlpm.n),_xlpm.p*_xlpm.n,"-"),_xlpm.p),"-")) -> 753 | R201: =IF(_Shipments[[#This Row],[Embalagem]]="Big Bag",_Shipments[[#This Row],[Qtd.]],ROUNDUP(_Shipments[[#This Row],[Qtd.]]/_Shipments[[#This Row],[Qtde. sacos/palete]],0)) -> 16 | W201: G10 TRANSPORTES S.A
A202: =_xlfn.XLOOKUP(_Shipments[[#This Row],[Shipment]],[1]Report!$G:$G,[1]Report!$B:$B,"-") -> 46297.333 | B202: 7248688 | C202: 5541989633 | D202: 1 | E202: P3889R-B832 | F202: 13 | G202: CORTEVA AGRISCIENCE DO BRASIL LTDA. | H202: UBERLÂNDIA | I202: MG | J202: 13 | K202: 7600779 | L202: 03P7600779 | M202: C3 | N202: =IF(_Shipments[[#This Row],[Embalagem]]="Big Bag",_Shipments[[#This Row],[Qtd.]]*_Shipments[[#This Row],[Qtde. sacos/palete]],_Shipments[[#This Row],[Qtd.]]) -> 650 | O202: =_xlfn.XLOOKUP(_Shipments[[#This Row],[CLN]],[2]Dados!$D:$D,[2]Dados!$R:$R,"-") -> 50 | P202: {=_xlfn.LET(_xlpm.t,_xlfn.XLOOKUP(_Shipments[[#This Row],[CLN]],[2]Dados!$D:$D,[2]Dados!$Q:$Q,"-"),_xlfn.IFS(LEFT(_xlpm.t,3)="PAS","Saco",LEFT(_xlpm.t,3)="PBT","Big Bag",TRUE,"-"))} -> Big Bag | Q202: =_xlfn.LET(_xlpm.p,_xlfn.XLOOKUP(_Shipments[[#This Row],[CLN]],[2]Dados!$D:$D,[2]Dados!$K:$K,"-"),_xlpm.n,_Shipments[[#This Row],[Qtde. sacos/palete]],IF(ISNUMBER(_xlpm.p),IF(_Shipments[[#This Row],[Embalagem]]="Big Bag",IF(ISNUMBER(_xlpm.n),_xlpm.p*_xlpm.n,"-"),_xlpm.p),"-")) -> 678.5 | R202: =IF(_Shipments[[#This Row],[Embalagem]]="Big Bag",_Shipments[[#This Row],[Qtd.]],ROUNDUP(_Shipments[[#This Row],[Qtd.]]/_Shipments[[#This Row],[Qtde. sacos/palete]],0)) -> 13 | W202: G10 TRANSPORTES S.A
A203: =_xlfn.XLOOKUP(_Shipments[[#This Row],[Shipment]],[1]Report!$G:$G,[1]Report!$B:$B,"-") -> 46297.333 | B203: 7248688 | C203: 5541989633 | D203: 2 | E203: P3889R-B825 | F203: 13 | G203: CORTEVA AGRISCIENCE DO BRASIL LTDA. | H203: UBERLÂNDIA | I203: MG | J203: 13 | K203: 7609046 | L203: 03P7609046 | M203: R3 | N203: =IF(_Shipments[[#This Row],[Embalagem]]="Big Bag",_Shipments[[#This Row],[Qtd.]]*_Shipments[[#This Row],[Qtde. sacos/palete]],_Shipments[[#This Row],[Qtd.]]) -> 13 | O203: =_xlfn.XLOOKUP(_Shipments[[#This Row],[CLN]],[2]Dados!$D:$D,[2]Dados!$R:$R,"-") -> 60 | P203: {=_xlfn.LET(_xlpm.t,_xlfn.XLOOKUP(_Shipments[[#This Row],[CLN]],[2]Dados!$D:$D,[2]Dados!$Q:$Q,"-"),_xlfn.IFS(LEFT(_xlpm.t,3)="PAS","Saco",LEFT(_xlpm.t,3)="PBT","Big Bag",TRUE,"-"))} -> Saco | Q203: =_xlfn.LET(_xlpm.p,_xlfn.XLOOKUP(_Shipments[[#This Row],[CLN]],[2]Dados!$D:$D,[2]Dados!$K:$K,"-"),_xlpm.n,_Shipments[[#This Row],[Qtde. sacos/palete]],IF(ISNUMBER(_xlpm.p),IF(_Shipments[[#This Row],[Embalagem]]="Big Bag",IF(ISNUMBER(_xlpm.n),_xlpm.p*_xlpm.n,"-"),_xlpm.p),"-")) -> 15.2 | R203: =IF(_Shipments[[#This Row],[Embalagem]]="Big Bag",_Shipments[[#This Row],[Qtd.]],ROUNDUP(_Shipments[[#This Row],[Qtd.]]/_Shipments[[#This Row],[Qtde. sacos/palete]],0)) -> 1 | W203: G10 TRANSPORTES S.A
A204: =_xlfn.XLOOKUP(_Shipments[[#This Row],[Shipment]],[1]Report!$G:$G,[1]Report!$B:$B,"-") -> 46297.333 | B204: 7248688 | C204: 5541989633 | D204: 3 | E204: P3889R-B821 | F204: 18 | G204: CORTEVA AGRISCIENCE DO BRASIL LTDA. | H204: UBERLÂNDIA | I204: MG | J204: 18 | K204: 7609070 | L204: 03P7609070 | M204: C2 | N204: =IF(_Shipments[[#This Row],[Embalagem]]="Big Bag",_Shipments[[#This Row],[Qtd.]]*_Shipments[[#This Row],[Qtde. sacos/palete]],_Shipments[[#This Row],[Qtd.]]) -> 18 | O204: =_xlfn.XLOOKUP(_Shipments[[#This Row],[CLN]],[2]Dados!$D:$D,[2]Dados!$R:$R,"-") -> 60 | P204: {=_xlfn.LET(_xlpm.t,_xlfn.XLOOKUP(_Shipments[[#This Row],[CLN]],[2]Dados!$D:$D,[2]Dados!$Q:$Q,"-"),_xlfn.IFS(LEFT(_xlpm.t,3)="PAS","Saco",LEFT(_xlpm.t,3)="PBT","Big Bag",TRUE,"-"))} -> Saco | Q204: =_xlfn.LET(_xlpm.p,_xlfn.XLOOKUP(_Shipments[[#This Row],[CLN]],[2]Dados!$D:$D,[2]Dados!$K:$K,"-"),_xlpm.n,_Shipments[[#This Row],[Qtde. sacos/palete]],IF(ISNUMBER(_xlpm.p),IF(_Shipments[[#This Row],[Embalagem]]="Big Bag",IF(ISNUMBER(_xlpm.n),_xlpm.p*_xlpm.n,"-"),_xlpm.p),"-")) -> 15.13 | R204: =IF(_Shipments[[#This Row],[Embalagem]]="Big Bag",_Shipments[[#This Row],[Qtd.]],ROUNDUP(_Shipments[[#This Row],[Qtd.]]/_Shipments[[#This Row],[Qtde. sacos/palete]],0)) -> 1 | W204: G10 TRANSPORTES S.A
A205: =_xlfn.XLOOKUP(_Shipments[[#This Row],[Shipment]],[1]Report!$G:$G,[1]Report!$B:$B,"-") -> 46297.333 | B205: 7248688 | C205: 5541989633 | D205: 4 | E205: P3889R-B822 | F205: 23 | G205: CORTEVA AGRISCIENCE DO BRASIL LTDA. | H205: UBERLÂNDIA | I205: MG | J205: 23 | K205: 7609089 | L205: 03P7609089 | M205: C3 | N205: =IF(_Shipments[[#This Row],[Embalagem]]="Big Bag",_Shipments[[#This Row],[Qtd.]]*_Shipments[[#This Row],[Qtde. sacos/palete]],_Shipments[[#This Row],[Qtd.]]) -> 23 | O205: =_xlfn.XLOOKUP(_Shipments[[#This Row],[CLN]],[2]Dados!$D:$D,[2]Dados!$R:$R,"-") -> 70 | P205: {=_xlfn.LET(_xlpm.t,_xlfn.XLOOKUP(_Shipments[[#This Row],[CLN]],[2]Dados!$D:$D,[2]Dados!$Q:$Q,"-"),_xlfn.IFS(LEFT(_xlpm.t,3)="PAS","Saco",LEFT(_xlpm.t,3)="PBT","Big Bag",TRUE,"-"))} -> Saco | Q205: =_xlfn.LET(_xlpm.p,_xlfn.XLOOKUP(_Shipments[[#This Row],[CLN]],[2]Dados!$D:$D,[2]Dados!$K:$K,"-"),_xlpm.n,_Shipments[[#This Row],[Qtde. sacos/palete]],IF(ISNUMBER(_xlpm.p),IF(_Shipments[[#This Row],[Embalagem]]="Big Bag",IF(ISNUMBER(_xlpm.n),_xlpm.p*_xlpm.n,"-"),_xlpm.p),"-")) -> 13.53 | R205: =IF(_Shipments[[#This Row],[Embalagem]]="Big Bag",_Shipments[[#This Row],[Qtd.]],ROUNDUP(_Shipments[[#This Row],[Qtd.]]/_Shipments[[#This Row],[Qtde. sacos/palete]],0)) -> 1 | W205: G10 TRANSPORTES S.A
A206: =_xlfn.XLOOKUP(_Shipments[[#This Row],[Shipment]],[1]Report!$G:$G,[1]Report!$B:$B,"-") -> 46297.333 | B206: 7248688 | C206: 5541989633 | D206: 5 | E206: P3889R-B822 | F206: 41 | G206: CORTEVA AGRISCIENCE DO BRASIL LTDA. | H206: UBERLÂNDIA | I206: MG | J206: 41 | K206: 7609093 | L206: 03P7609093 | M206: C3 | N206: =IF(_Shipments[[#This Row],[Embalagem]]="Big Bag",_Shipments[[#This Row],[Qtd.]]*_Shipments[[#This Row],[Qtde. sacos/palete]],_Shipments[[#This Row],[Qtd.]]) -> 41 | O206: =_xlfn.XLOOKUP(_Shipments[[#This Row],[CLN]],[2]Dados!$D:$D,[2]Dados!$R:$R,"-") -> 70 | P206: {=_xlfn.LET(_xlpm.t,_xlfn.XLOOKUP(_Shipments[[#This Row],[CLN]],[2]Dados!$D:$D,[2]Dados!$Q:$Q,"-"),_xlfn.IFS(LEFT(_xlpm.t,3)="PAS","Saco",LEFT(_xlpm.t,3)="PBT","Big Bag",TRUE,"-"))} -> Saco | Q206: =_xlfn.LET(_xlpm.p,_xlfn.XLOOKUP(_Shipments[[#This Row],[CLN]],[2]Dados!$D:$D,[2]Dados!$K:$K,"-"),_xlpm.n,_Shipments[[#This Row],[Qtde. sacos/palete]],IF(ISNUMBER(_xlpm.p),IF(_Shipments[[#This Row],[Embalagem]]="Big Bag",IF(ISNUMBER(_xlpm.n),_xlpm.p*_xlpm.n,"-"),_xlpm.p),"-")) -> 13.61 | R206: =IF(_Shipments[[#This Row],[Embalagem]]="Big Bag",_Shipments[[#This Row],[Qtd.]],ROUNDUP(_Shipments[[#This Row],[Qtd.]]/_Shipments[[#This Row],[Qtde. sacos/palete]],0)) -> 1 | W206: G10 TRANSPORTES S.A
A207: =_xlfn.XLOOKUP(_Shipments[[#This Row],[Shipment]],[1]Report!$G:$G,[1]Report!$B:$B,"-") -> 46297.333 | B207: 7248688 | C207: 5541989633 | D207: 6 | E207: P3889R-B822 | F207: 33 | G207: CORTEVA AGRISCIENCE DO BRASIL LTDA. | H207: UBERLÂNDIA | I207: MG | J207: 33 | K207: 7609094 | L207: 03P7609094 | M207: C3 | N207: =IF(_Shipments[[#This Row],[Embalagem]]="Big Bag",_Shipments[[#This Row],[Qtd.]]*_Shipments[[#This Row],[Qtde. sacos/palete]],_Shipments[[#This Row],[Qtd.]]) -> 33 | O207: =_xlfn.XLOOKUP(_Shipments[[#This Row],[CLN]],[2]Dados!$D:$D,[2]Dados!$R:$R,"-") -> 70 | P207: {=_xlfn.LET(_xlpm.t,_xlfn.XLOOKUP(_Shipments[[#This Row],[CLN]],[2]Dados!$D:$D,[2]Dados!$Q:$Q,"-"),_xlfn.IFS(LEFT(_xlpm.t,3)="PAS","Saco",LEFT(_xlpm.t,3)="PBT","Big Bag",TRUE,"-"))} -> Saco | Q207: =_xlfn.LET(_xlpm.p,_xlfn.XLOOKUP(_Shipments[[#This Row],[CLN]],[2]Dados!$D:$D,[2]Dados!$K:$K,"-"),_xlpm.n,_Shipments[[#This Row],[Qtde. sacos/palete]],IF(ISNUMBER(_xlpm.p),IF(_Shipments[[#This Row],[Embalagem]]="Big Bag",IF(ISNUMBER(_xlpm.n),_xlpm.p*_xlpm.n,"-"),_xlpm.p),"-")) -> 13.48 | R207: =IF(_Shipments[[#This Row],[Embalagem]]="Big Bag",_Shipments[[#This Row],[Qtd.]],ROUNDUP(_Shipments[[#This Row],[Qtd.]]/_Shipments[[#This Row],[Qtde. sacos/palete]],0)) -> 1 | W207: G10 TRANSPORTES S.A
A208: =_xlfn.XLOOKUP(_Shipments[[#This Row],[Shipment]],[1]Report!$G:$G,[1]Report!$B:$B,"-") -> 46297.333 | B208: 7248688 | C208: 5541989633 | D208: 7 | E208: P3889R-B825 | F208: 9 | G208: CORTEVA AGRISCIENCE DO BRASIL LTDA. | H208: UBERLÂNDIA | I208: MG | J208: 9 | K208: 7609117 | L208: 03P7609117 | M208: R3C | N208: =IF(_Shipments[[#This Row],[Embalagem]]="Big Bag",_Shipments[[#This Row],[Qtd.]]*_Shipments[[#This Row],[Qtde. sacos/palete]],_Shipments[[#This Row],[Qtd.]]) -> 9 | O208: =_xlfn.XLOOKUP(_Shipments[[#This Row],[CLN]],[2]Dados!$D:$D,[2]Dados!$R:$R,"-") -> 70 | P208: {=_xlfn.LET(_xlpm.t,_xlfn.XLOOKUP(_Shipments[[#This Row],[CLN]],[2]Dados!$D:$D,[2]Dados!$Q:$Q,"-"),_xlfn.IFS(LEFT(_xlpm.t,3)="PAS","Saco",LEFT(_xlpm.t,3)="PBT","Big Bag",TRUE,"-"))} -> Saco | Q208: =_xlfn.LET(_xlpm.p,_xlfn.XLOOKUP(_Shipments[[#This Row],[CLN]],[2]Dados!$D:$D,[2]Dados!$K:$K,"-"),_xlpm.n,_Shipments[[#This Row],[Qtde. sacos/palete]],IF(ISNUMBER(_xlpm.p),IF(_Shipments[[#This Row],[Embalagem]]="Big Bag",IF(ISNUMBER(_xlpm.n),_xlpm.p*_xlpm.n,"-"),_xlpm.p),"-")) -> 14.15 | R208: =IF(_Shipments[[#This Row],[Embalagem]]="Big Bag",_Shipments[[#This Row],[Qtd.]],ROUNDUP(_Shipments[[#This Row],[Qtd.]]/_Shipments[[#This Row],[Qtde. sacos/palete]],0)) -> 1 | W208: G10 TRANSPORTES S.A
A209: =_xlfn.XLOOKUP(_Shipments[[#This Row],[Shipment]],[1]Report!$G:$G,[1]Report!$B:$B,"-") -> 46297.375 | B209: 7253434 | C209: 5541992134 | D209: 1 | E209: P3889R-B835 | F209: 17 | G209: CORTEVA AGRISCIENCE DO BRASIL LTDA. | H209: UBERLÂNDIA | I209: MG | J209: 17 | K209: 7600730 | L209: 03P7600730 | M209: R3 | N209: =IF(_Shipments[[#This Row],[Embalagem]]="Big Bag",_Shipments[[#This Row],[Qtd.]]*_Shipments[[#This Row],[Qtde. sacos/palete]],_Shipments[[#This Row],[Qtd.]]) -> 850 | O209: =_xlfn.XLOOKUP(_Shipments[[#This Row],[CLN]],[2]Dados!$D:$D,[2]Dados!$R:$R,"-") -> 50 | P209: {=_xlfn.LET(_xlpm.t,_xlfn.XLOOKUP(_Shipments[[#This Row],[CLN]],[2]Dados!$D:$D,[2]Dados!$Q:$Q,"-"),_xlfn.IFS(LEFT(_xlpm.t,3)="PAS","Saco",LEFT(_xlpm.t,3)="PBT","Big Bag",TRUE,"-"))} -> Big Bag | Q209: =_xlfn.LET(_xlpm.p,_xlfn.XLOOKUP(_Shipments[[#This Row],[CLN]],[2]Dados!$D:$D,[2]Dados!$K:$K,"-"),_xlpm.n,_Shipments[[#This Row],[Qtde. sacos/palete]],IF(ISNUMBER(_xlpm.p),IF(_Shipments[[#This Row],[Embalagem]]="Big Bag",IF(ISNUMBER(_xlpm.n),_xlpm.p*_xlpm.n,"-"),_xlpm.p),"-")) -> 748.5 | R209: =IF(_Shipments[[#This Row],[Embalagem]]="Big Bag",_Shipments[[#This Row],[Qtd.]],ROUNDUP(_Shipments[[#This Row],[Qtd.]]/_Shipments[[#This Row],[Qtde. sacos/palete]],0)) -> 17 | W209: G10 TRANSPORTES S.A
A210: =_xlfn.XLOOKUP(_Shipments[[#This Row],[Shipment]],[1]Report!$G:$G,[1]Report!$B:$B,"-") -> 46297.375 | B210: 7253434 | C210: 5541992134 | D210: 2 | E210: P3889R-B835 | F210: 3 | G210: CORTEVA AGRISCIENCE DO BRASIL LTDA. | H210: UBERLÂNDIA | I210: MG | J210: 3 | K210: 7600731 | L210: 03P7600731 | M210: R3 | N210: =IF(_Shipments[[#This Row],[Embalagem]]="Big Bag",_Shipments[[#This Row],[Qtd.]]*_Shipments[[#This Row],[Qtde. sacos/palete]],_Shipments[[#This Row],[Qtd.]]) -> 150 | O210: =_xlfn.XLOOKUP(_Shipments[[#This Row],[CLN]],[2]Dados!$D:$D,[2]Dados!$R:$R,"-") -> 50 | P210: {=_xlfn.LET(_xlpm.t,_xlfn.XLOOKUP(_Shipments[[#This Row],[CLN]],[2]Dados!$D:$D,[2]Dados!$Q:$Q,"-"),_xlfn.IFS(LEFT(_xlpm.t,3)="PAS","Saco",LEFT(_xlpm.t,3)="PBT","Big Bag",TRUE,"-"))} -> Big Bag | Q210: =_xlfn.LET(_xlpm.p,_xlfn.XLOOKUP(_Shipments[[#This Row],[CLN]],[2]Dados!$D:$D,[2]Dados!$K:$K,"-"),_xlpm.n,_Shipments[[#This Row],[Qtde. sacos/palete]],IF(ISNUMBER(_xlpm.p),IF(_Shipments[[#This Row],[Embalagem]]="Big Bag",IF(ISNUMBER(_xlpm.n),_xlpm.p*_xlpm.n,"-"),_xlpm.p),"-")) -> 748.5 | R210: =IF(_Shipments[[#This Row],[Embalagem]]="Big Bag",_Shipments[[#This Row],[Qtd.]],ROUNDUP(_Shipments[[#This Row],[Qtd.]]/_Shipments[[#This Row],[Qtde. sacos/palete]],0)) -> 3 | W210: G10 TRANSPORTES S.A
A211: =_xlfn.XLOOKUP(_Shipments[[#This Row],[Shipment]],[1]Report!$G:$G,[1]Report!$B:$B,"-") -> 46297.375 | B211: 7253434 | C211: 5541992134 | D211: 3 | E211: P3889R-B821 | F211: 15 | G211: CORTEVA AGRISCIENCE DO BRASIL LTDA. | H211: UBERLÂNDIA | I211: MG | J211: 15 | K211: 7609073 | L211: 03P7609073 | M211: C2 | N211: =IF(_Shipments[[#This Row],[Embalagem]]="Big Bag",_Shipments[[#This Row],[Qtd.]]*_Shipments[[#This Row],[Qtde. sacos/palete]],_Shipments[[#This Row],[Qtd.]]) -> 15 | O211: =_xlfn.XLOOKUP(_Shipments[[#This Row],[CLN]],[2]Dados!$D:$D,[2]Dados!$R:$R,"-") -> 60 | P211: {=_xlfn.LET(_xlpm.t,_xlfn.XLOOKUP(_Shipments[[#This Row],[CLN]],[2]Dados!$D:$D,[2]Dados!$Q:$Q,"-"),_xlfn.IFS(LEFT(_xlpm.t,3)="PAS","Saco",LEFT(_xlpm.t,3)="PBT","Big Bag",TRUE,"-"))} -> Saco | Q211: =_xlfn.LET(_xlpm.p,_xlfn.XLOOKUP(_Shipments[[#This Row],[CLN]],[2]Dados!$D:$D,[2]Dados!$K:$K,"-"),_xlpm.n,_Shipments[[#This Row],[Qtde. sacos/palete]],IF(ISNUMBER(_xlpm.p),IF(_Shipments[[#This Row],[Embalagem]]="Big Bag",IF(ISNUMBER(_xlpm.n),_xlpm.p*_xlpm.n,"-"),_xlpm.p),"-")) -> 15.06 | R211: =IF(_Shipments[[#This Row],[Embalagem]]="Big Bag",_Shipments[[#This Row],[Qtd.]],ROUNDUP(_Shipments[[#This Row],[Qtd.]]/_Shipments[[#This Row],[Qtde. sacos/palete]],0)) -> 1 | W211: G10 TRANSPORTES S.A
... A226: =_xlfn.XLOOKUP(_Shipments[[#This Row],[Shipment]],[1]Report!$G:$G,[1]Report!$B:$B,"-") -> 46300.375 | B226: 7253448 | C226: 5541992155 | D226: 4 | E226: P3889R-B827 | F226: 143 | G226: CORTEVA AGRISCIENCE DO BRASIL LTDA. | H226: UBERLÂNDIA | I226: MG | J226: 143 | K226: 7616361 | L226: 03P7616361 | M226: C4 | N226: =IF(_Shipments[[#This Row],[Embalagem]]="Big Bag",_Shipments[[#This Row],[Qtd.]]*_Shipments[[#This Row],[Qtde. sacos/palete]],_Shipments[[#This Row],[Qtd.]]) -> 143 | O226: =_xlfn.XLOOKUP(_Shipments[[#This Row],[CLN]],[2]Dados!$D:$D,[2]Dados!$R:$R,"-") -> 75 | P226: {=_xlfn.LET(_xlpm.t,_xlfn.XLOOKUP(_Shipments[[#This Row],[CLN]],[2]Dados!$D:$D,[2]Dados!$Q:$Q,"-"),_xlfn.IFS(LEFT(_xlpm.t,3)="PAS","Saco",LEFT(_xlpm.t,3)="PBT","Big Bag",TRUE,"-"))} -> Saco | Q226: =_xlfn.LET(_xlpm.p,_xlfn.XLOOKUP(_Shipments[[#This Row],[CLN]],[2]Dados!$D:$D,[2]Dados!$K:$K,"-"),_xlpm.n,_Shipments[[#This Row],[Qtde. sacos/palete]],IF(ISNUMBER(_xlpm.p),IF(_Shipments[[#This Row],[Embalagem]]="Big Bag",IF(ISNUMBER(_xlpm.n),_xlpm.p*_xlpm.n,"-"),_xlpm.p),"-")) -> 12.4 | R226: =IF(_Shipments[[#This Row],[Embalagem]]="Big Bag",_Shipments[[#This Row],[Qtd.]],ROUNDUP(_Shipments[[#This Row],[Qtd.]]/_Shipments[[#This Row],[Qtde. sacos/palete]],0)) -> 2 | W226: G10 TRANSPORTES S.A

Sheet E-mail
A1: CONFIRMAÇÃO DE EMBARQUE
A3: Shipment: | B3: 7248685 | C3: Cliente: | D3: CORTEVA | G3: =TODAY() -> 46296
A5: Item | B5: Material | C5: Lote | D5: Qtde. | E5: UM | F5: Qtde. Paletes | G5: Peso Total (kg)
A6: {=_xlfn._xlws.FILTER(_Shipments[Item],_Shipments[Shipment]&""=$B$3&"","")} -> 1 | B6: {=_xlfn._xlws.FILTER(_Shipments[Material],_Shipments[Shipment]&""=$B$3&"","")} -> P3889R-B831 | C6: {=_xlfn._xlws.FILTER(_Shipments[CLN],_Shipments[Shipment]&""=$B$3&"","")} -> 03P7600765 | D6: {=_xlfn._xlws.FILTER(_Shipments[Qtd.],_Shipments[Shipment]&""=$B$3&"","")} -> 7 | E6: {=_xlfn._xlws.FILTER(_Shipments[Embalagem],_Shipments[Shipment]&""=$B$3&"","")} -> Big Bag | F6: {=_xlfn.LET(_xlpm.m,_xlfn._xlws.FILTER(CHOOSE({1,2,3},_Shipments[Qtd.],_Shipments[Qtde. sacos/palete],_Shipments[Embalagem]),_Shipments[Shipment]&""=$B$3&"",""),_xlpm.q,INDEX(_xlpm.m,0,1),_xlpm.s,INDEX(_xlpm.m,0,2),_xlpm.u,INDEX(_xlpm.m,0,3),IF(_xlpm.u="Big Bag",_xlpm.q,IF(ISNUMBER(_xlpm.s)*(_xlpm.s<>0),ROUNDUP(_xlpm.q/_xlpm.s,0),"")))} -> 7 | G6: {=_xlfn.LET(_xlpm.m,_xlfn._xlws.FILTER(CHOOSE({1,2},_Shipments[Peso],_Shipments[Qtd.]),_Shipments[Shipment]&""=$B$3&"",""),_xlpm.p,INDEX(_xlpm.m,0,1),_xlpm.q,INDEX(_xlpm.m,0,2),IF(ISNUMBER(_xlpm.p),_xlpm.p*_xlpm.q,""))} -> 5295.5
A7: 2 | B7: P3889R-B832 | C7: 03P7600779 | D7: 11 | E7: Big Bag | F7: 11 | G7: 7463.5
A8: 3 | B8: P3889R-B822 | C8: 03P7609082 | D8: 42 | E8: Saco | F8: 1 | G8: 569.94
A27: QUANTIDADE TOTAL | D27: =SUM(D6:D26) -> 60 | F27: =SUM(F6:F26) -> 19 | G27: =SUM(G6:G26) -> 13328.94
A30: DADOS DO MOTORISTA E VEÍCULO
A31: Motorista | C31: Telefone | E31: Placa Cavalo | F31: Placa Carreta | G31: Transportadora
A32: =_xlfn.XLOOKUP($B$3,'_Shipments'!B:B,'_Shipments'!S:S,"-") -> MAX RICARDO PANTALEAO | C32: =_xlfn.XLOOKUP(B3,'_Shipments'!B:B,'_Shipments'!T:T,"-") -> 34998133614 | E32: =_xlfn.XLOOKUP(B3,'_Shipments'!B:B,'_Shipments'!U:U,"-") -> CLJ-0296 | F32: =_xlfn.XLOOKUP(B3,'_Shipments'!B:B,'_Shipments'!V:V,"-") -> GIN-2F15 | G32: =_xlfn.XLOOKUP(B3,'_Shipments'!B:B,'_Shipments'!W:W,"-") -> G10 TRANSPORTES S.A

Sheet Formulário de impressão
B1: Shipment | C1: 7253436 | D1: DATA: | E1: {=TEXT(MAX(_xlfn._xlws.FILTER(_Shipments[Data], _Shipments[Shipment]&""=$C$1&"", 0)), "dd/mm/aaaa")} -> 02/10/2026
B2: Transportadora | C2: {=_xlfn.LET(_xlpm.resultado, INDEX(_xlfn._xlws.FILTER(_Shipments[Transportadora], _Shipments[Shipment]&""=$C$1&"", ""), 1), IF(_xlpm.resultado="", "", _xlpm.resultado))} -> G10 TRANSPORTES S.A | D2: TIPO: | E2: SIMPLES
A4: Item | B4: Material | C4: Descr. Material | D4: Qtd. | E4: Descr. Cliente | F4: Cidade | G4: UF | H4: Qtde. Sel. | I4: CLN | J4: LOCAL | K4: Qtd. Paletes
A5: =IF(B5="", "", MAX($A$4:A4)+1) -> 1 | B5: {=_xlfn._xlws.FILTER(_Shipments[Material],_Shipments[Shipment]&""=$C$1&"","")} -> P3889R-B821 | C5: {="SEMENTE DE MILHO HÍBRIDO " & LEFT(_xlfn._xlws.FILTER(_Shipments[Material], _Shipments[Shipment]&""=$C$1&"", ""), LEN(_xlfn._xlws.FILTER(_Shipments[Material], _Shipments[Shipment]&""=$C$1&"", "")) - 5)} -> SEMENTE DE MILHO HÍBRIDO P3889R | D5: {=_xlfn._xlws.FILTER(_Shipments[Qtd.],_Shipments[Shipment]&""=$C$1&"","")} -> 11 | E5: {=_xlfn._xlws.FILTER(_Shipments[Descr. Cliente],_Shipments[Shipment]&""=$C$1&"","")} -> CORTEVA AGRISCIENCE DO BRASIL LTDA. | F5: {=_xlfn._xlws.FILTER(_Shipments[Cidade],_Shipments[Shipment]&""=$C$1&"","")} -> UBERLÂNDIA | G5: {=_xlfn._xlws.FILTER(_Shipments[Estado],_Shipments[Shipment]&""=$C$1&"","")} -> MG | H5: {=_xlfn._xlws.FILTER(_Shipments[Qtde. Sel.],_Shipments[Shipment]&""=$C$1&"","")} -> 11 | I5: {=_xlfn._xlws.FILTER(_Shipments[CLN],_Shipments[Shipment]&""=$C$1&"","")} -> 03P7609075 | J5: CF2-02 | K5: {=_xlfn.LET(_xlpm.m,_xlfn._xlws.FILTER(CHOOSE({1,2,3},_Shipments[Qtd.],_Shipments[Qtde. sacos/palete],_Shipments[Embalagem]),_Shipments[Shipment]&""=$C$1&"",""),_xlpm.q,INDEX(_xlpm.m,0,1),_xlpm.s,INDEX(_xlpm.m,0,2),_xlpm.u,INDEX(_xlpm.m,0,3),IF(_xlpm.u="Big Bag",_xlpm.q,IF(ISNUMBER(_xlpm.s)*(_xlpm.s<>0),ROUNDUP(_xlpm.q/_xlpm.s,0),"")))} -> 1
A6: =IF(B6="", "", MAX($A$4:A5)+1) -> 2 | B6: P3889R-B827 | C6: SEMENTE DE MILHO HÍBRIDO P3889R | D6: 714 | E6: CORTEVA AGRISCIENCE DO BRASIL LTDA. | F6: UBERLÂNDIA | G6: MG | H6: 714 | I6: 03P7614093 | J6: CF2-15 | K6: 10
A7: =IF(B7="", "", MAX($A$4:A6)+1) -> 3 | B7: P3889R-B827 | C7: SEMENTE DE MILHO HÍBRIDO P3889R | D7: 750 | E7: CORTEVA AGRISCIENCE DO BRASIL LTDA. | F7: UBERLÂNDIA | G7: MG | H7: 750 | I7: 03P7614756 | J7: CF2-15 | K7: 10
A8: =IF(B8="", "", MAX($A$4:A7)+1)
A9: =IF(B9="", "", MAX($A$4:A8)+1)
A10: =IF(B10="", "", MAX($A$4:A9)+1)
A11: =IF(B11="", "", MAX($A$4:A10)+1)
A12: =IF(B12="", "", MAX($A$4:A11)+1)
A13: =IF(B13="", "", MAX($A$4:A12)+1)
A14: =IF(B14="", "", MAX($A$4:A13)+1)
A15: =IF(B15="", "", MAX($A$4:A14)+1)
A16: =IF(B16="", "", MAX($A$4:A15)+1)
A17: =IF(B17="", "", MAX($A$4:A16)+1)
A18: =IF(B18="", "", MAX($A$4:A17)+1)
A19: =IF(B19="", "", MAX($A$4:A18)+1)
A20: =IF(B20="", "", MAX($A$4:A19)+1)
D21: =SUM(D5:D20) -> 1475 | H21: =SUM(H5:H20) -> 1475
A24: ESPELHO DA CARGA | M24: TIPOS CAMINHÃO
A25: LOTE | C25: QUANTIDADE DE PALETES | D25: Sc / Paletete | E25: Último PLT | F25: Qntd. Posiçoes | G25: Sobreposições | I25: Remontes | K25: Status | M25: TRUCADO | O25: 20 POSIÇOES | Q25: 33 TON
C26: Tipo produtod: □ BAG / □ SACOS = | M26: SIMPLES | O26: 18 POSIÇÕES | Q26: 27 TON
C27: Tipo produtod: □ BAG / □ SACOS = | M27: LS | O27: 20 POSIÇÕES | Q27: 32 TON
C28: Tipo produtod: □ BAG / □ SACOS = | M28: GRANELEIRO | O28: 20 POSIÇÕES | Q28: 33 TON
C29: Tipo produtod: □ BAG / □ SACOS = | M29: VANDERLEIA | O29: 22 POSIÇÕES | Q29: 35 TON
C30: Tipo produtod: □ BAG / □ SACOS = | M30: 4 EIXOS | O30: 22 POSIÇÕES | Q30: 38 TON
C31: Tipo produtod: □ BAG / □ SACOS = | M31: BITREM 7 M | O31: 20 POSIÇOES | Q31: 37 TON
C32: Tipo produtod: □ BAG / □ SACOS = | M32: BITREM 7,5 M | O32: 22 POSIÇÕES | Q32: 37 TON
A34: OBSERVAÇÕES GERAIS:

Sheet BD_MOTORISTAS
A1: {=_xlfn.LET(_xlpm.d,_xlfn.UNIQUE(_Shipments[[#Data],[Motorista]:[Transportadora]]),_xlfn.VSTACK(_Shipments[[#Headers],[Motorista]:[Transportadora]],_xlfn._xlws.SORT(_xlfn._xlws.FILTER(_xlpm.d,(INDEX(_xlpm.d,,1)<>0)*(INDEX(_xlpm.d,,1)<>"")),1,1)))} -> Motorista | B1: Telefone | C1: Placa Cavalo | D1: Placa Carreta | E1: Transportadora
A2: ANGELO CESAR DE MAGALHÃES | B2: 34997330803 | C2: HMV-6248 | D2: SDF-2D75 | E2: G10 TRANSPORTES S.A
A3: DANIEL HENRIQUE DE SOUSA | B3: 34996968579 | C3: JDP-0H00 | D3: QNE-8537 | E3: G10 TRANSPORTES S.A
A4: DENILSON LAZARO CORREA | B4: 34999031784 | C4: NSI-5E04 | D4: SCU-6D73 | E4: G10 TRANSPORTES S.A
A5: ECIO CRISTINO FERREIRA | B5: 34992119997 | C5: QDC-5910 | D5: HJC-1938 | E5: G10 TRANSPORTES S.A
A6: ERNANI EUSTAQUIO DE SOUSA | B6: 34991030020 | C6: BCG-7A17 | D6: MSD-4B27 | E6: G10 TRANSPORTES S.A
A7: JOAO BRAZ DE OLIVEIRA | B7: 34991337791 | C7: GZV-6349 | D7: ONR-6845 | E7: G10 TRANSPORTES S.A
A8: JOSE DOS REIS TEODORO | B8: 34991525469 | C8: AHO-3975 | D8: PYP-8J98 | E8: G10 TRANSPORTES S.A
A9: JOSE VALDECIR CORREA | B9: (44) 9 9159-5938 | C9: BCO-0157 | D9: RHR-3J00 | E9: G10 TRANSPORTES S.A
A10: JULIO CESAR DE OLIVEIRA | B10: 34999248710 | C10: AZN-6580 | D10: ORA-1733 | E10: G10 TRANSPORTES S.A
A11: KLEBER ADILSON LIUTI | B11: 43998471112 | C11: ATP-2E22 | D11: UBL-9J85 | E11: G10 TRANSPORTES S.A
A12: LINDOMAR MOREIRA DE LIMA | B12: 34991718554 | C12: NFF-7194 | D12: ONC-5436 | E12: G10 TRANSPORTES S.A
A13: MARCILIO NUNES GOMES | B13: 38999337997 | C13: FHS-8D82 | D13: SJG-2J59 | E13: G10 TRANSPORTES S.A
A14: MARCIO A. BATISTA PEREIRA | B14: 34997243006 | C14: HMV-6248 | D14: SDF-2D75 | E14: G10 TRANSPORTES S.A
A15: MARCO TULIO DE MELO | B15: 63981169588 | C15: RMV-3G04 | D15: DAS-7D88 | E15: G10 TRANSPORTES S.A
A16: MAURINO DA SILVA CUSTODIO | B16: 44999250098 | C16: AWF-9A13 | D16: SFH-0I25 | E16: G10 TRANSPORTES S.A
A17: MAURO FRANCISCO PEREIRA | B17: (34) 9 9916-1847 | C17: NZA-0F96 | D17: SYB-9E72 | E17: G10 TRANSPORTES S.A
A18: MAX RICARDO PANTALEAO | B18: 34998133614 | C18: CLJ-0296 | D18: GIN-2F15 | E18: G10 TRANSPORTES S.A
A19: NATANIEL CICERO DA SILVA | B19: 34999810409 | C19: KFA-6J66 | D19: GXH-5189 | E19: G10 TRANSPORTES S.A
A20: OSVANDO RODRIGUES ALVES | B20: 34999233031 | C20: QPW-2544 | D20: GXA-1D43 | E20: G10 TRANSPORTES S.A
A21: RENIO JOSE PEREIRA | B21: 34999994801 | C21: FVY-2949 | D21: PRE-8445 | E21: G10 TRANSPORTES S.A
A22: RENIVALDO RENATO DE QUEIROZ | B22: 34999586631 | C22: PVK-7548 | D22: SHU-9A35 | E22: G10 TRANSPORTES S.A
A23: RICARDO JOSE DE SOUSA | B23: 34991694434 | C23: GVJ-6D48 | D23: EQU-3J39 | E23: G10 TRANSPORTES S.A
A24: RODRIGO DOS REIS VIEIRA | B24: 34997330803 | C24: HZM-8D37 | D24: OLF-8C62 | E24: G10 TRANSPORTES S.A
A25: TIAGO AUGUSTO SILVA | B25: 34999252985 | C25: JZU-1281 | D25: GXH-6F18 | E25: G10 TRANSPORTES S.A
A26: VANDERLEI MARTINS RIBEIRO | B26: 34991057132 | C26: MGE-0221 | D26: HOA-0455 | E26: G10 TRANSPORTES S.A
A27: WANDERSON VINICIUS DE SOUSA MACHADO | B27: 34997412844 | C27: QOG-5E00 | D27: RVX-3C10 | E27: G10 TRANSPORTES S.A
A28: WELLINGTON WESLEY A. FERREIRA | B28: 34999559998 | C28: ITV-7C75 | D28: RVS-2C71 | E28: G10 TRANSPORTES S.A
A29: WELTON DA SILVA LEMOS | B29: 61999471983 | C29: MCR-3964 | D29: ACZ-8659 | E29: G10 TRANSPORTES S.A
